Customer_ID,Age,Gender,Location,Income,Browsing_History,Previous_Purchases,Preferred_Device,Product_Category,Time_Spent_on_Site
af09abc0-4835-4376-af52-758c10ff7e97,72,Male,Suburban,,Clothing,8,Desktop,Clothing,78.71842228287605
00ce02c1-d45a-4e5a-bd6e-d34d11f90647,72,Female,Rural,100071.0,Books,1,Desktop,Clothing,71.8828404032704
b59bc34e-84de-4cc2-b45a-8e5254b5b7bf,72,Male,Urban,25734.0,Sports,1,Mobile,Food,105.18639657425196
820cb025-c3e9-4a92-9ca6-91fb303b526e,22,Male,Rural,115576.0,Food,7,Desktop,Food,98.11759505292724
232f52b9-3f95-4c70-91e3-ec9585c91802,33,Female,Rural,130314.0,Clothing,2,Mobile,Clothing,119.65095205137885
b6aafc80-cb07-43da-a233-563c88267296,30,Other,Rural,,Food,8,Desktop,Sports,52.00615901501064
c5afa3f8-4b4c-4012-8870-379f36aa1e23,28,Male,Urban,,Electronics,4,Mobile,Sports,10.855431365386263
4bb8f0f5-13ba-4d2d-b94f-95dca1c6c416,72,Male,Rural,51197.0,Sports,3,Desktop,Clothing,92.67229794999993
ee158e88-d331-45f2-8758-e39d6ed2a3a3,79,Other,Suburban,57219.0,Sports,2,Mobile,Books,100.22062901764784
4866e543-fda3-45ed-a336-4aa454bf627d,36,Other,Suburban,30015.0,Books,6,Mobile,Sports,77.63869954509731
656b8f7d-a205-45af-8e87-3530f0818e8e,64,Other,Suburban,42957.0,Electronics,6,Desktop,Sports,21.695316070239564
e7c5a2fc-f02f-4530-a7b5-d18efa60758f,21,,Suburban,86043.0,Food,6,Desktop,Food,31.190437258828357
70792d84-013e-4076-bf80-2cf00b007681,61,Female,Suburban,37103.0,Food,2,Tablet,Sports,
3facb6bb-53d6-4b40-9dab-582679ea01f1,75,Male,Suburban,22452.0,Electronics,6,Tablet,Books,88.17429141617708
fe748d97-93b1-495f-b6fb-40340e131eca,77,,Urban,49248.0,Electronics,4,Mobile,Sports,64.2016979909452
836350fd-7e4c-4f2f-92e7-cce24cf4aff3,55,Female,Urban,71450.0,Books,5,Mobile,Food,36.44600915376218
018733a0-ff58-4537-a396-819aaa22b706,48,,Suburban,,Books,2,Mobile,Electronics,85.31889780414026
c416035e-922b-4713-95da-ff3f4220c4da,19,Other,Suburban,113387.0,Sports,7,Mobile,Sports,109.4195993648297
15130844-d1a0-405d-888d-a77ed252b651,18,,Suburban,34998.0,Food,2,Mobile,Sports,27.26347051356196
0c1f1981-dbd6-4f42-a1e2-35789f9f19db,62,,Rural,118052.0,Books,2,Mobile,Food,78.90661185945282
4f259783-0580-4ea0-b85d-90406b5aaa0c,54,Other,Rural,119900.0,Electronics,5,Mobile,Electronics,83.01042309046171
c8276ecd-cd29-4da5-bca9-259f85525b64,31,Other,Rural,80621.0,Sports,7,Mobile,Food,112.485096713864
77231497-650c-441d-beb5-4a4672d52ee4,53,Other,Suburban,112027.0,Sports,1,Tablet,Electronics,23.108261526300147
69bb5c9e-bd72-4046-826c-7bc42de4ca75,39,Other,Rural,,Electronics,7,Tablet,Clothing,66.527335097709
c02cc403-52b5-40e0-9579-7df3f500275c,29,Other,Suburban,29740.0,Books,1,Tablet,Food,50.908539345562595
6d1baaaa-2ac3-4aa0-8ae0-4335c393305b,64,Other,Urban,119604.0,Electronics,4,Desktop,Electronics,62.02683292820492
e20f1653-c866-458e-bd13-852caca7854d,73,Other,Suburban,111866.0,Sports,8,Mobile,Sports,36.8263965327548
3865cd00-df8c-4a55-92fb-06ee8a8e33bf,49,Female,Rural,46418.0,Clothing,8,Tablet,Food,39.46866980207919
bfe396fb-7684-413d-8e6b-7fc6182c15bc,19,Male,Urban,46650.0,Sports,1,Mobile,Sports,18.191610564774315
358eabff-1765-46cb-918e-2e2e4143c4f7,62,Male,Rural,75200.0,Electronics,8,Mobile,Food,112.60441119339374
9c52770b-4515-47cd-92a5-f4824c15862f,40,Other,Urban,133127.0,Clothing,8,Tablet,Clothing,100.10798727924329
1a0b6eb8-305e-4a91-8c9b-cfaeffd7ae7a,57,Male,Suburban,133343.0,Sports,6,Mobile,Food,109.48264566328065
0027bd6a-b758-4f13-bc7b-b1b180c48b36,77,Other,Rural,125366.0,Food,9,Tablet,Sports,31.034854931984565
aa389905-0c1a-45e5-a273-9c6aeb269eca,42,Other,Suburban,138879.0,Clothing,4,Desktop,Food,92.82824953938953
ecaab2e3-df73-4af5-8b42-e215ec16b301,51,Other,Urban,146492.0,Sports,3,Desktop,Clothing,104.89840565914875
aca82d25-63c1-49ed-8bd6-d7ab6d6d6fc6,72,Male,Rural,45233.0,Sports,9,Desktop,Food,15.862213572543517
1d3979e6-e7d1-4e02-9082-baccc6c3905f,65,,Rural,137517.0,Electronics,9,Desktop,Food,48.834528149234
8072678f-4195-4fda-8c69-b9625b6c61a2,64,Male,Suburban,79952.0,Sports,2,Desktop,Clothing,11.99844904760125
f22d3bd5-12cc-4526-9b3e-c5e3f7c8185d,69,Female,Suburban,100926.0,Sports,3,Desktop,Books,53.87602806841932
2d71fea7-fc6a-4056-8ca8-6637b5ed4887,43,Other,Suburban,141800.0,Food,9,Tablet,Clothing,12.04714881501176
6864fe81-920a-457c-8d50-9bcd7b2cd83b,62,Other,Rural,143529.0,Clothing,5,Mobile,Electronics,61.925489640114236
6937bd98-9ab0-43de-83d6-f45d8c963096,18,Male,Suburban,113980.0,Sports,9,Mobile,Books,85.92965123842434
eda59d30-c005-4992-9ba2-28160912216b,18,,Suburban,21910.0,Sports,4,Desktop,Electronics,67.09339107395289
2164954f-9b09-4cb2-a8c0-26c70cea8f62,67,Other,Rural,88911.0,Books,2,Tablet,Food,80.69427266937493
48e1efac-df05-4680-96a0-11c211848716,52,,Suburban,100183.0,Books,2,Desktop,Food,95.66856699216221
4a6e2b88-421e-4195-833b-6909f794cdc3,27,Male,Suburban,77409.0,Clothing,7,Mobile,Food,62.26525190478266
6faa76aa-3896-41af-9e96-8585fffe5d9e,58,Other,Urban,78295.0,Food,1,Desktop,Books,55.78100862664154
a56746b5-34d7-4e18-bc9a-dc53d2f60df7,49,Female,Suburban,37703.0,Electronics,2,Tablet,Clothing,69.64049091177151
c01a1259-2bfe-485a-a027-fdfcc81ae70b,18,Male,Suburban,,Books,8,Tablet,Electronics,34.93555343945385
0bcd2575-3c02-4c6b-8b97-28fddc8bf1e7,37,Other,Rural,134557.0,Clothing,7,Mobile,Books,92.97549532338608
e7b22410-0ac7-4e17-9d19-dbca39d6a25d,73,,Rural,57301.0,Books,9,Mobile,Sports,16.51718575243769
76cf1ed4-d009-469c-b1ec-bd69308b04bb,75,Male,Urban,34969.0,Electronics,2,Mobile,Sports,89.59813316968356
217162d8-e9bf-4889-a3fd-6331c5268fe3,26,Female,Rural,39238.0,Clothing,1,Desktop,Electronics,118.01234259657375
854bb577-cfa4-4c8b-961b-0fcc2b2407a6,56,Female,Rural,72106.0,Sports,8,Mobile,Electronics,
185c47d4-19f5-425d-98b8-14ae85e153b7,60,Female,Urban,139626.0,Clothing,3,Mobile,Books,68.7775496209284
6c8702b4-b3d2-4d61-9e13-0c81b3a4d45c,52,Other,Rural,59583.0,Food,9,Tablet,Books,28.27004680879001
640f2b16-55a3-479c-bb68-6c00d763847a,35,Female,Urban,21316.0,Clothing,1,Tablet,Clothing,25.432466770926403
f7954cab-bb26-4967-9a91-3e6e96329026,28,Male,Suburban,86176.0,Sports,7,Desktop,Books,20.028442702574043
68589d21-22e6-41d2-a4ca-772d74e58873,31,Male,Suburban,148726.0,Clothing,6,Mobile,Food,110.9157942696008
95138263-482b-4914-84f3-dc5dcda3dc83,47,Other,Urban,,Clothing,3,Mobile,Clothing,
67959620-d421-48d7-aee7-f544ec273f88,65,Other,Rural,93940.0,Electronics,5,Desktop,Clothing,57.186281991649835
a57ef8ce-a8cd-4f3b-a87c-a1e53833e740,77,Male,Suburban,27895.0,Clothing,5,Desktop,Sports,35.567582715835776
cb1c4ded-e65b-462f-886f-3e52e64e4dea,41,Other,Suburban,28349.0,Food,7,Mobile,Electronics,57.91835728683627
05c7aa5b-4fd0-4ad0-ab5f-42fc0ca51928,57,Female,Rural,145114.0,Electronics,4,Tablet,Food,12.822908983835568
fa4fad63-5b95-494e-aa7a-129db51748d5,79,Female,Urban,99228.0,Books,6,Mobile,Electronics,36.59846405198084
1bc61906-11cf-485a-9432-38b93ab1ca1c,64,Male,Urban,128181.0,Clothing,2,Tablet,Clothing,112.0464916543883
683f1ffe-2bf2-41a2-9132-fd7933340d78,51,Female,Rural,42733.0,Clothing,7,Mobile,Sports,73.73381000718759
57951dbf-1880-4d6f-8a66-915e56f9745c,79,Other,Urban,53308.0,Clothing,6,Tablet,Food,22.124685833895295
7bab74c7-0613-46ba-a9f7-481b5744d363,78,Female,Rural,82462.0,Books,2,Tablet,Books,90.1970876556175
f7a615f5-72f9-4d75-8344-35ffdb679bd6,45,Female,Urban,,Sports,8,Mobile,Books,21.421647121557378
9a5fb007-f685-46f7-b2c0-78adfc8c36de,58,,Urban,125619.0,Sports,9,Tablet,Sports,57.642526014413704
fcf3e215-d340-4f06-bdc9-cc2086d6cdc1,72,Male,Rural,22993.0,Books,4,Mobile,Sports,99.60549335290415
c302a9d9-9791-4fca-8e64-abb8f77664ce,18,Female,Rural,49840.0,Electronics,1,Tablet,Books,
f399fb67-c03c-4c38-9c0e-e74c262853e8,70,Male,Rural,145950.0,Clothing,3,Desktop,Sports,53.66849107322155
7c283cfa-dbdd-460c-aec3-5310338d4d8d,34,Other,Rural,120583.0,Sports,5,Desktop,Books,56.16047255812207
ff55fc39-458f-45bb-90ae-4c158f2f460e,33,Female,Rural,38161.0,Books,8,Tablet,Books,59.573360314813975
e77a32bf-94ca-4904-9fb7-24ecd6a85c48,77,,Urban,109330.0,Electronics,6,Desktop,Food,87.49800937565524
1d9adfc8-4811-4ecd-8327-560899e7956f,50,Other,Urban,91688.0,Food,8,Desktop,Sports,92.4515279788607
de18ae48-e2f5-4c84-aec9-fae76953a577,76,Other,Suburban,43606.0,Clothing,8,Tablet,Sports,111.1310057540586
b41acbe7-aa6c-4bbc-9dce-982599175bb0,76,Other,Urban,37194.0,Clothing,5,Tablet,Clothing,37.92385278879386
ac3cf8e2-6aa2-46f1-ba4e-b2172a93fa7e,66,Male,Suburban,82196.0,Food,6,Tablet,Electronics,5.784908506535526
7e1c0cf6-af40-40a1-847b-b2a4148a8117,64,Male,Rural,115428.0,Clothing,1,Mobile,Food,84.78162730423456
af7d4bd1-ef68-4fe0-a051-4a5087a03ce5,56,Male,Suburban,120077.0,Books,9,Mobile,Food,59.24280547292333
15197465-f78c-4544-b678-bcaabc50edb1,40,Other,Suburban,72500.0,Clothing,9,Mobile,Sports,
154f5c39-c515-4189-b74d-2aca47ba07c3,21,Other,Rural,,Electronics,3,Desktop,Electronics,38.85573833587176
0bfb533a-0d78-4457-bb46-384b949e12d5,66,Other,Suburban,67278.0,Books,1,Mobile,Clothing,14.747182588102207
577c000c-7778-4d7b-ba52-6bbfe2166191,67,Male,Rural,58566.0,Clothing,8,Mobile,Electronics,20.5002693589333
618316e9-bc8c-450e-aade-45e8de11c64b,36,,Rural,69112.0,Electronics,1,Desktop,Books,97.45361516055236
77dc54bf-b149-43bd-8c34-05d09473e941,57,Female,Suburban,144613.0,Food,2,Desktop,Food,76.4740528515754
8cced60f-7874-4387-98be-a65d8937c908,72,Other,Urban,64492.0,Food,5,Mobile,Books,34.061676282812726
dd56f642-2f2c-4ab4-94dd-4dd8bd7915a2,34,Other,Suburban,44336.0,Clothing,4,Mobile,Clothing,17.454046278790948
9419fbfb-3f09-4f33-ab1d-b6c1418e72fa,78,,Rural,22487.0,Electronics,1,Tablet,Clothing,32.46958017414255
96061630-5922-4298-9ec6-9ae3c3c79d67,23,Other,Urban,,Books,7,Tablet,Books,61.35867053028329
55ec8947-e80a-408a-9210-b3e4b7568c08,66,Male,Suburban,97879.0,Books,9,Tablet,Books,38.31543163988072
70591c0d-9729-47d5-8ff5-5412911c30e9,69,Female,Suburban,,Books,8,Desktop,Sports,23.099403657448974
339721e1-be96-43de-8efd-775ab2cd0ee6,59,Other,Urban,82139.0,Electronics,4,Desktop,Clothing,8.374969556921778
0d7c64f0-4551-4bc1-9639-d411fe03c0bf,75,Female,Urban,,Food,6,Mobile,Books,71.77677427076736
6f0c8c6e-7ddf-4f38-b386-2dae8e02b23d,47,Other,Urban,129354.0,Sports,4,Tablet,Food,63.437374408068735
f01d7246-c277-4ece-b428-b84a71a7ed6a,47,Other,Urban,147832.0,Food,1,Desktop,Clothing,31.734073879588035
a15edf63-b505-448f-b0ea-d29fffaab442,26,Other,Urban,117053.0,Clothing,7,Tablet,Sports,102.89999972318523
664fb26c-8168-49f4-9454-92dc997ba9fc,59,Female,Urban,,Clothing,2,Mobile,Sports,18.4992196551042
149727fb-1724-48a2-859b-cce340438a5b,25,Female,Rural,60174.0,Sports,1,Desktop,Books,111.06471939678747
39dfb760-78fc-4b03-ab42-e15883e89b2c,54,Female,Suburban,138673.0,Electronics,1,Tablet,Books,61.45812488847671
42ff692e-829c-4cdc-a820-74a5de9164c8,54,,Rural,105312.0,Books,4,Desktop,Books,118.70506776441808
0d7005d8-1327-4ed5-8dac-95ba7d8bf528,26,Other,Urban,90099.0,Electronics,7,Desktop,Books,10.423579944771873
90e15b10-a959-4ecb-840c-1e6a74bdf115,54,Male,Rural,,Clothing,2,Mobile,Books,6.013136483276136
af7e784d-ddd8-46bc-854c-bbdd3ec2829b,64,Other,Suburban,84391.0,Books,7,Tablet,Clothing,34.19788609309265
74de4195-35af-4b5b-961e-7925a68dd111,48,Male,Rural,59013.0,Sports,1,Mobile,Books,87.2985310281856
f3561fd8-6c8b-4ac1-a82f-e85a75c71ec1,74,Female,Suburban,100704.0,Sports,9,Mobile,Books,48.74184338754059
c3a36b52-e96a-4a96-be3c-44e1e3c24379,34,Female,Urban,22346.0,Food,7,Tablet,Sports,90.3372250876521
cae06868-e585-40e5-ad0c-684e99845e56,47,,Urban,102979.0,Sports,6,Desktop,Clothing,
8414215d-b58d-4f57-b1c4-a6a85b744b7b,43,Male,Rural,21911.0,Clothing,2,Tablet,Sports,38.07669157299068
cd1e6d3b-606c-4630-ab04-09a3044bd624,78,Other,Urban,51917.0,Electronics,9,Tablet,Food,31.114644012072933
d423955f-44e1-49f7-a75a-aeac0cc8b41a,74,Male,Rural,,Sports,4,Desktop,Sports,59.46444291499071
3692c836-9bd1-4a9e-9db5-e9ec43e1daf4,61,Male,Urban,79853.0,Electronics,6,Desktop,Food,29.261883056328454
cde74c3b-c1c6-421d-bd06-e8b5536d05ad,68,,Rural,97443.0,Sports,5,Tablet,Food,32.39906604862216
21bc340a-faa6-4bef-8116-4939adf0d6ef,29,Other,Rural,94161.0,Electronics,2,Desktop,Food,16.116362541585943
8503a2ea-6f89-45c6-8f30-9e6fd4b38b2a,47,Other,Rural,143726.0,Food,4,Mobile,Food,14.509616463742171
6a1de023-4aaa-4985-9283-01f1c7597832,51,Female,Urban,82252.0,Food,1,Tablet,Food,42.935837038932604
f6ce5cbc-f668-4912-a40c-00e77146da69,50,,Rural,55503.0,Food,6,Desktop,Food,30.578659903706473
34c6f545-565e-4b84-8bbd-5f6acf8399f5,29,Other,Urban,122107.0,Clothing,9,Desktop,Clothing,117.94898639661128
d2553f1c-9a7e-4d28-b592-b4b040340f15,77,Female,Urban,146087.0,Sports,3,Desktop,Electronics,113.2778884121347
74ca3631-cd04-4b77-be4e-07e45d23e2f7,45,Female,Urban,126630.0,Food,1,Tablet,Books,42.76312093070713
6d23451a-6277-4662-8f6f-e32dfa1b9aef,32,Other,Rural,53995.0,Clothing,8,Desktop,Sports,33.96627663542243
6f3eb397-d6d1-473e-8c97-a07bbd1119f8,22,Other,Rural,46963.0,Books,4,Desktop,Clothing,17.423709150201148
47dbd9ce-23f9-432d-8c30-57c697a36881,26,Female,Suburban,,Electronics,2,Tablet,Books,23.158447038121377
6bf243a1-8086-4726-9617-5fbc883fcc29,20,,Rural,22683.0,Electronics,9,Desktop,Books,50.80313116467544
65bee2b6-bab7-4854-9d89-b4718bed6171,75,,Rural,,Electronics,8,Tablet,Sports,107.91948791627513
6d2a51c8-c5f0-41f8-b298-4aae1251fe1a,40,Male,Rural,30362.0,Clothing,3,Tablet,Clothing,48.5423583058401
ca86ce2f-400c-45b2-b32c-3ff8f5590c14,20,Other,Rural,23043.0,Food,9,Desktop,Sports,67.7952617448704
59356fbc-3525-482c-b807-ee49cc554f0f,45,Other,Suburban,134155.0,Clothing,2,Tablet,Food,66.85779064659475
96627d92-1765-49d1-a305-51f6a5d1e09c,29,,Suburban,134547.0,Food,8,Tablet,Sports,
3056606f-46ba-48d0-849f-558cd7b297a0,28,Male,Urban,140045.0,Sports,1,Desktop,Electronics,46.80936764974802
84a14f19-08c2-4e7c-ba02-f7beccd3ef64,53,,Urban,111609.0,Food,2,Mobile,Electronics,12.468635417585926
8c123954-656e-449b-af97-2581a57e7e85,27,,Urban,,Food,1,Mobile,Food,94.72769341352625
1b251bfd-2fd3-4524-a9c7-7efdc324a15e,46,Female,Suburban,103469.0,Electronics,4,Tablet,Food,25.30315275007997
ce30c9c3-6060-4706-9796-9d7fd53cbc36,63,Female,Suburban,41878.0,Electronics,6,Tablet,Clothing,79.84629496912744
a1dffe0d-b41a-47d5-a338-2344c246b4f2,42,Female,Suburban,54296.0,Clothing,9,Tablet,Clothing,106.44585351442043
18c85dbd-741b-45f4-aafc-7c2f46c30804,45,Other,Rural,,Clothing,9,Desktop,Clothing,66.71938736342038
5593a052-ea18-4829-886e-e58e1b90e8ec,40,Female,Rural,57445.0,Books,3,Desktop,Clothing,73.25378986294903
8cfca2c3-6168-443f-8637-f5aeae1ab60c,39,,Urban,87283.0,Food,5,Tablet,Food,52.151741346052745
5e510deb-c305-4619-bc7b-d8bf59362fdc,50,,Urban,65172.0,Books,7,Tablet,Clothing,113.51532602511382
6abb46d0-65e7-4478-a426-0b52da335c7e,76,Female,Urban,43804.0,Food,4,Desktop,Electronics,43.09431981554963
d9cd278a-b41d-414f-a364-85a98a271664,36,Male,Urban,,Clothing,3,Tablet,Books,111.14233598857557
8129347c-6f19-4be9-a71a-5e195056a5b2,70,,Suburban,101784.0,Clothing,3,Mobile,Sports,76.43334863372664
e056055c-f50d-4e54-b249-0bc2b9c8eb31,47,Female,Urban,85615.0,Clothing,8,Tablet,Electronics,72.71965609608854
22b6683e-99cb-49d7-92ba-bbde47fd1f18,29,Male,Suburban,,Electronics,9,Tablet,Clothing,73.07277485650741
87f3988d-a905-4b5b-99ed-ddc78ce08efa,50,Male,Suburban,32281.0,Books,7,Mobile,Food,91.9121732899053
f77240d1-f65c-4d58-935e-7c2a084df585,22,Other,Suburban,37826.0,Electronics,5,Desktop,Clothing,23.685217043560588
06f26cfe-6bb3-4182-99a3-50b9853c0cbb,31,,Suburban,141103.0,Electronics,1,Desktop,Clothing,20.758788436939927
6f100dd6-3188-4e87-b338-6eec3a1f9c52,55,Male,Rural,71818.0,Books,8,Tablet,Sports,110.67006803841431
5b5d43e9-5b22-4828-9640-df1badfefbd6,33,Male,Urban,37874.0,Electronics,3,Desktop,Clothing,104.54863173177729
fb7e0021-bfeb-4a4f-a0cf-e0389c99d91c,48,Female,Rural,,Clothing,2,Desktop,Books,
cb3117a4-f2ed-4edc-bfae-b3e15e0a4df4,29,Male,Rural,23163.0,Electronics,9,Tablet,Food,116.35133708716504
2f3aaa14-d0a1-44ca-9006-fafd0f61a0d8,60,Other,Suburban,130812.0,Food,4,Mobile,Food,66.22243909558568
d2e0ff0d-ceb6-407a-8b6d-a4a808963c89,59,Female,Rural,129356.0,Clothing,9,Mobile,Books,
8693035a-34ba-4a9b-95e4-4d83ebdddf7e,78,Male,Urban,109463.0,Books,4,Desktop,Food,95.54745325007134
cfd2893f-e9dc-4c71-9fe6-32f1aa14cec7,35,Female,Rural,,Clothing,2,Tablet,Books,32.21844118442246
7af0c713-ec77-439e-adf4-95ac53882c8c,24,Male,Suburban,,Electronics,5,Mobile,Clothing,109.99572493397869
ad73b888-d11f-49ca-9332-54c4685a733e,27,Female,Suburban,,Food,4,Desktop,Clothing,112.28913110754318
7d65d89c-f129-412b-bc43-cfe190429f8b,73,Female,Rural,90121.0,Books,9,Desktop,Sports,117.99361509288622
5e48b22c-21d5-4ee4-a0ef-cb23f51320cd,55,Male,Rural,133813.0,Books,2,Tablet,Books,41.02322944364343
12551304-65fa-4bdf-a558-09a27acb9693,63,Other,Urban,138544.0,Food,9,Mobile,Food,61.30197113983901
f68c6993-ed59-4840-8548-61f07c202981,24,,Urban,46070.0,Clothing,6,Tablet,Food,89.47010502291602
6c44f788-5372-46f1-ab42-d9fff4da1871,75,Other,Rural,72687.0,Clothing,2,Tablet,Books,119.46205811880074
f84c6004-090e-4b2a-a956-5afd19a30804,50,Female,Suburban,121524.0,Clothing,8,Mobile,Clothing,62.89235747758432
3964e36c-67e7-4090-bba4-fc7b24dbed50,59,Male,Urban,93270.0,Food,8,Desktop,Food,51.98766080278504
f26bbe15-34a6-4e76-a05c-51ce6abc8d53,74,Male,Rural,29712.0,Food,4,Tablet,Books,108.49213754431668
585c8e24-d35c-48c2-9709-06e32200cfd1,67,,Urban,23858.0,Electronics,2,Mobile,Books,62.0362053285477
df958aa3-8a79-4103-bb18-227741d530f8,24,Female,Rural,92629.0,Books,6,Tablet,Sports,18.437242315005257
9c5f57b5-cbee-4e60-86c8-b62d5a5abae0,26,Male,Rural,97322.0,Books,9,Tablet,Electronics,11.5894977398722
34af331a-bbaa-4a2a-bcd2-260087bfd2ca,54,Other,Urban,23093.0,Electronics,7,Mobile,Food,113.03500243023949
9494a61f-7a84-4843-b560-ea048d3afdc5,48,Other,Urban,55147.0,Sports,1,Mobile,Electronics,32.39127741253837
cf84088c-79f4-4abc-9207-d44b1fcedea2,69,,Urban,137667.0,Sports,5,Tablet,Books,72.05826499447153
3f860152-509f-4444-bdfb-db4919dcd973,66,Other,Rural,65211.0,Clothing,7,Desktop,Sports,61.41854970827439
4737bb18-3ce1-495f-9db6-ad5917f8462f,35,,Suburban,131076.0,Electronics,3,Desktop,Electronics,20.94903299442599
42b48ba0-993c-45e5-8b92-498c18ca0074,67,,Suburban,80348.0,Books,7,Desktop,Sports,78.49011380171652
a8429860-9e7e-4089-9616-2068de590f40,23,Female,Rural,139656.0,Clothing,5,Desktop,Clothing,102.37256449970194
1577042d-0313-4a22-b500-b8918cb040cd,26,Male,Rural,98488.0,Food,7,Desktop,Food,10.047442726569454
be0b56ac-f024-4d3b-a573-2267eea0bef9,53,Other,Suburban,,Sports,4,Mobile,Clothing,27.914773449339044
093db96c-d105-4017-b983-c6b07de06298,60,Female,Suburban,,Sports,4,Mobile,Sports,76.02124421516979
bdc47963-d0bd-48c8-a98b-11a964413681,21,Male,Suburban,124604.0,Clothing,3,Tablet,Sports,40.7630475809639
2bf5a955-a662-42c8-8280-b831e6844516,60,Male,Rural,129522.0,Electronics,3,Tablet,Sports,58.53535169699447
329e0b36-51ec-48ea-9d1f-9b1bd7793786,24,Other,Urban,145061.0,Food,1,Mobile,Books,75.8623245652913
18b6ca79-bb2a-4c1b-82d2-35039c2b0f37,62,,Suburban,87254.0,Electronics,9,Mobile,Food,41.907492912491556
333bbf99-55ef-4cfe-95a9-2dae79c46c1f,25,Other,Rural,126816.0,Electronics,3,Mobile,Sports,67.82502857570415
afe80bae-856a-401b-8809-01be9481338f,19,Male,Suburban,132474.0,Clothing,2,Tablet,Electronics,106.62775503101786
e7571137-b071-4839-bae3-091e5ac028bc,33,Female,Rural,58022.0,Electronics,8,Mobile,Sports,81.76252628019796
91462195-f28b-42d9-ae47-6af259fbb1de,56,Other,Suburban,47356.0,Clothing,8,Desktop,Sports,20.811624099929112
00e44c22-9c02-427f-8a4f-385c1b73a58c,51,Male,Urban,36929.0,Books,4,Tablet,Clothing,
336a3147-f6e1-4264-a556-d6845dad5a3e,78,Other,Urban,121096.0,Clothing,6,Desktop,Electronics,118.83439493332628
bd13e2ad-2780-443e-a99b-5a68b01ef805,38,Other,Suburban,,Electronics,3,Mobile,Food,61.920784564231
988ee8a6-9b93-4c84-a456-f9befd152dbf,22,Other,Suburban,119849.0,Electronics,9,Mobile,Electronics,60.27762557344461
ea5c30aa-0662-4997-994a-2e1a858c48c5,77,Other,Urban,,Sports,1,Tablet,Books,116.76729364146938
2a18dccc-3484-4d74-aeee-71abde1e349b,67,Male,Rural,85215.0,Books,4,Mobile,Sports,112.84434407375034
d79551dc-07bb-4915-b28d-baf7233adcd9,71,Female,Rural,,Books,4,Mobile,Food,119.18021080991419
1bbdde7c-bfa5-4c93-a477-ab84a4c8beab,79,Female,Suburban,130062.0,Clothing,2,Mobile,Books,29.88590405698624
c8f9a6b1-0bea-45ac-9a4c-9ccfd35c82a0,36,Male,Urban,30903.0,Books,9,Mobile,Books,84.71539514114347
c0e808e4-5428-4d50-b1c6-a7e9e955e70b,64,Other,Urban,26480.0,Electronics,6,Desktop,Food,12.279032147082058
d50fe89c-4a6e-45ee-8be2-2b881b29072a,28,Male,Rural,43687.0,Clothing,5,Desktop,Electronics,82.92654870438258
72eddc8f-3e2d-40f1-8830-fbeda17c879a,75,Female,Urban,122643.0,Books,2,Mobile,Sports,95.19894028699879
c7b7fdde-2057-4123-a5da-755011e36bcd,64,Female,Rural,,Electronics,3,Mobile,Books,85.6971796616302
5d4c5591-9a8e-4803-909c-e0753aa240e8,68,Female,Urban,122409.0,Electronics,5,Tablet,Clothing,35.05928874841038
e3d34bb9-3939-4562-a501-ae33a4cd5ff0,65,Other,Suburban,28390.0,Electronics,5,Mobile,Clothing,62.023708937131616
e8913f90-58b4-4efa-9df4-133ce263449e,37,,Urban,102252.0,Electronics,2,Mobile,Books,104.16895919178809
867d527f-19ed-4935-b71a-6935898416d9,20,Other,Rural,25704.0,Books,3,Desktop,Books,50.649439446834556
0c6bc48a-4f94-4d59-8a84-83553d249ede,56,,Urban,27707.0,Food,6,Mobile,Sports,116.38907609421304
92b783d1-a9a6-4408-aa5e-89f4c83d916d,57,,Urban,89172.0,Books,1,Tablet,Electronics,112.4231998735918
265888db-6c59-4f23-8e9b-78fc2842e9b5,49,Other,Urban,77681.0,Electronics,3,Desktop,Sports,26.251371598022757
31142bdd-6f6a-4676-8acc-357eb99f8e80,29,Male,Suburban,132741.0,Books,6,Tablet,Clothing,93.84775291699775
e2333fdf-02f8-40be-87b0-8cd2335574d6,51,Other,Suburban,70557.0,Sports,8,Tablet,Books,23.103639900841255
0bf78c00-9341-49c9-9b7a-9efff694279b,58,,Suburban,133398.0,Books,6,Tablet,Clothing,14.341015490033802
a38b2a77-11e5-46cf-826d-4a7f47b58273,38,Female,Urban,23570.0,Clothing,7,Mobile,Electronics,89.26566037342026
90998f08-8b08-491b-bf7f-cf74c2dec4a8,63,Female,Suburban,27992.0,Clothing,9,Mobile,Food,7.488423090152567
e91c7855-8983-46f0-adf2-1446f5dbe7f8,69,Male,Suburban,144250.0,Clothing,8,Mobile,Clothing,30.81024392048517
0be1e9d0-6017-4eb0-9432-00c978b0e344,69,Male,Rural,96185.0,Clothing,6,Tablet,Books,105.70130130910657
067fcaeb-dc25-4736-bfff-0414dbd6a4c3,39,Male,Suburban,26021.0,Food,3,Mobile,Electronics,54.77739404938524
06b01a59-26d1-47b0-b5e8-57d653b41028,22,Female,Rural,134322.0,Books,3,Mobile,Sports,99.52460345995144
7a833bc1-be03-4862-ae46-ee9c29d59a40,45,,Suburban,,Books,8,Mobile,Clothing,20.466945151867765
f39009ec-ef5c-4153-a701-cef321aa6902,31,Female,Rural,66187.0,Books,1,Mobile,Books,54.452969891616064
57192b90-e237-4945-9576-ec17b738b4e4,68,Male,Urban,54760.0,Books,1,Desktop,Food,69.01672833990689
351c4eb1-0b48-4c70-a280-4990686b4fe6,77,Male,Rural,53161.0,Electronics,7,Mobile,Books,30.59382140292533
ffc713e6-b3f7-4c52-aa10-e3c2b8684768,74,Female,Rural,50374.0,Electronics,4,Mobile,Electronics,115.98324374240676
545acd33-277f-410e-9fc4-9aff89c13588,49,Other,Urban,22477.0,Books,5,Mobile,Food,96.50565853793475
c8df9768-173d-4b16-9e4a-bad2e3e914d9,51,Other,Suburban,106816.0,Sports,2,Desktop,Electronics,
3e23a3f2-529f-48d3-b9df-cf0ef27d81e0,75,,Rural,27244.0,Food,3,Tablet,Sports,17.963498927884693
5986d12d-112e-4645-a5eb-8f85817d0ba0,30,,Urban,111820.0,Sports,4,Tablet,Electronics,68.47424332948432
225566b0-3c1b-4c39-a9be-abd66ccfe4cc,66,Other,Urban,95702.0,Electronics,1,Tablet,Sports,82.97455225389744
bfeb1189-7598-4b9b-84b6-1c33bd45877c,79,,Suburban,59500.0,Clothing,3,Tablet,Electronics,65.73882617808368
7e513ff2-cf48-4368-8af5-f784fd1144b6,42,,Urban,21279.0,Food,6,Mobile,Electronics,119.81176646509708
3df233da-793b-4d92-aae9-8f8f6a5bbb45,25,Male,Urban,,Clothing,3,Mobile,Clothing,94.78212182133474
d9c639d1-3e2d-49ce-866b-fadc54e41dd8,65,Female,Rural,25128.0,Electronics,7,Mobile,Sports,37.199109990146745
93436bd4-f387-4e8d-bd73-02a0416abee7,20,,Suburban,122875.0,Electronics,5,Desktop,Food,108.18168456452688
2d9551ab-0aba-4c74-8bb1-a22befb1d3a4,26,Other,Rural,58644.0,Food,8,Mobile,Electronics,84.24548720788843
9c1b7214-bf1d-40d0-b530-bc068d5fa350,56,Male,Rural,79259.0,Electronics,5,Tablet,Sports,71.65361595932815
00ba9cdb-0fea-49ba-a97c-81ea85089eb8,22,,Suburban,43903.0,Electronics,2,Desktop,Clothing,74.31430654344116
4b8fd510-4604-4819-8bcb-01ac6c58b226,33,Female,Urban,84763.0,Sports,5,Tablet,Food,38.82487439228874
85826137-25b0-42fe-8f0c-e324f06a4997,63,Other,Suburban,103840.0,Electronics,4,Tablet,Books,95.83457652728205
9422e4e4-1eb4-4571-9ac2-31834f256d69,24,Male,Rural,37588.0,Books,4,Mobile,Food,71.33113173149184
0da2f62f-e5ae-4fdb-ab40-995af5064d03,36,Male,Rural,142530.0,Clothing,3,Mobile,Clothing,56.190834025386074
1d0f9d4e-d3e3-475c-93e8-f44458ad75bb,57,Other,Rural,73202.0,Clothing,8,Mobile,Food,82.59420956326151
02c7ce1c-e5ea-4ccc-8086-f934b58d3f19,62,Female,Suburban,21718.0,Books,7,Desktop,Electronics,116.5137909703853
98d099bc-c97e-4a68-9ccd-42ed2b485843,35,Other,Urban,136797.0,Sports,4,Tablet,Sports,112.71870549482293
64c92119-7514-4f5c-8c2f-e61cca36a617,29,Female,Suburban,40364.0,Electronics,8,Mobile,Sports,56.821999666778304
69c33932-37ab-41ac-98a6-cc3b84dc18bf,65,,Suburban,102850.0,Books,8,Mobile,Electronics,10.348445243860581
7f67c9be-c103-4753-8d40-422f03fc0525,25,,Rural,64408.0,Food,7,Mobile,Sports,34.63609976133037
f1de442e-0daa-4a3a-9956-c31cbb5aa1ae,45,,Rural,46810.0,Sports,3,Mobile,Electronics,114.93918926575465
01bdb26f-8be6-4813-af59-08324a24d792,39,Male,Suburban,72242.0,Food,1,Tablet,Books,22.891387779922344
feacfdb6-8db4-4b1c-b50a-4bbdd21e6ea0,76,Female,Urban,,Food,9,Desktop,Books,43.33760292559809
61ec8743-e357-454e-b324-bbedc17ee344,68,,Rural,80550.0,Books,4,Desktop,Sports,30.026948679486054
d26d93ed-c324-4e39-bc34-0e84ba5e19a1,77,Male,Urban,56664.0,Books,2,Mobile,Sports,113.43928108806693
66dc5fff-a5cf-4df2-aa39-50264c3e1f64,22,Other,Urban,123998.0,Sports,4,Tablet,Sports,116.36395253162576
544c8714-17cd-4e94-a814-daf4d2cc0fe8,71,Female,Rural,,Food,3,Tablet,Books,7.353955901143175
aef0d0c3-9e32-4d89-97bb-277381fa1ec9,45,,Urban,114163.0,Food,5,Desktop,Sports,35.68859575322814
a61ad90c-2efd-4850-86b8-3058c678a962,48,Male,Suburban,58209.0,Clothing,3,Desktop,Food,40.86566803421791
ccd148cc-8765-4ad4-b3d1-e1c9ba28e300,65,Female,Urban,,Books,5,Mobile,Clothing,48.06562597233257
a130af25-45ef-449b-903e-fb64775fe24a,51,Male,Urban,64007.0,Electronics,2,Tablet,Electronics,
cddfa1e0-90c4-45a3-8add-53b8dff18cd6,52,,Rural,,Food,1,Desktop,Books,29.86371290643926
68fba4c8-1b38-46ff-9293-5f45dc6e93b0,28,Female,Urban,135057.0,Electronics,1,Mobile,Electronics,75.33392055587645
b6656bb6-4285-4aeb-8686-adfc3a202985,52,Female,Rural,,Electronics,6,Tablet,Electronics,36.94236124438879
b9d47da7-a55a-4859-9982-480b5ad3d6ef,45,Male,Rural,52138.0,Electronics,9,Desktop,Books,51.0744361182767
9e80e804-08f3-401c-a592-5bf430e05f8d,24,,Urban,98955.0,Electronics,1,Desktop,Sports,31.297799157336218
e22c79c5-a226-4620-9a59-a1bdc270cde1,53,Other,Rural,144190.0,Food,5,Tablet,Books,85.78205731925469
53625a62-da79-4296-8ed7-b2116969b57f,62,Other,Suburban,86942.0,Sports,3,Mobile,Clothing,8.622697455313933
671187e5-178d-4259-b313-0a94597a851c,28,,Rural,31607.0,Electronics,2,Mobile,Books,58.11412377275202
6b12abf8-6567-4949-8d6d-5e083c41f534,37,Other,Rural,50095.0,Books,2,Desktop,Books,11.083732583325961
541bff1f-73d5-474c-afbb-5b8036d4a7f7,32,Female,Suburban,22927.0,Sports,3,Tablet,Electronics,9.123119288455822
aadb43da-aa3d-49f0-8503-555af25cd885,36,Female,Rural,,Food,8,Tablet,Food,27.65964678964139
406e4558-0e78-4a14-8cba-74ab61b8e97e,36,Male,Rural,,Food,7,Desktop,Food,105.20343722984767
a31d38de-35f0-4f4b-bfde-58e658bb96be,42,,Urban,,Clothing,5,Tablet,Food,75.52472762554271
1fbfdd13-9783-4dce-9aa2-7bc4e120e2aa,50,Female,Rural,96274.0,Books,3,Tablet,Sports,35.337791689985565
931ee3a6-ed35-467e-8556-18ba0e63cf11,65,Male,Rural,48158.0,Food,3,Tablet,Food,114.85428403709987
c0fba9c2-592c-4a11-b685-e037b1b19d5e,65,Other,Urban,75287.0,Food,2,Mobile,Books,86.81086300105497
b7a42197-09b1-4504-8265-93fdbfb2e75f,38,,Rural,34568.0,Clothing,5,Mobile,Electronics,112.76570937539225
ab5500b5-3db5-40ca-b967-040aa8aa7327,78,,Urban,116850.0,Clothing,1,Tablet,Sports,68.40458371400385
89dcb355-ab2d-4eed-8807-1fa70c73bbe3,42,Other,Urban,141426.0,Clothing,7,Tablet,Electronics,67.6195803899524
ccbb34c1-ef4c-4fe1-a832-5e085673e064,50,Male,Urban,44274.0,Books,1,Desktop,Sports,31.698041509291066
ed2fd9a8-9b19-4d14-93f7-852e1020cca8,19,Male,Rural,36940.0,Clothing,2,Desktop,Clothing,88.87924056832092
ba4278df-0e3c-4071-8302-52b0dde7bafb,41,Male,Urban,30319.0,Sports,9,Tablet,Sports,38.71934152606737
32eb7855-6e17-4972-931b-4ed672621825,42,Male,Rural,82316.0,Sports,5,Tablet,Books,79.27520956344169
16baf779-d8f4-4b7d-8d67-2a4d916a057b,62,Female,Suburban,54881.0,Books,9,Mobile,Books,68.07787043574324
940eb3a6-ed84-4622-bfb7-c01d61a57a85,41,Other,Urban,,Electronics,6,Tablet,Food,15.870088006267249
32e3e602-59c2-46ad-83ba-a390e5524971,38,Male,Suburban,,Clothing,5,Tablet,Food,5.926579119865181
813bd63f-3258-473f-98d9-eb0495ccd38c,29,Other,Suburban,72490.0,Sports,6,Desktop,Electronics,49.302856648861464
4936a708-d722-4e2c-86ca-03cf01e29ac5,73,Other,Urban,36992.0,Food,2,Desktop,Sports,107.09593747411908
566dd4e4-956b-44ee-aeba-63cb24e3ac36,52,Male,Urban,46014.0,Books,8,Mobile,Food,109.8214425305709
fc2ed765-8e6a-460d-885c-0c16e44e240e,54,Male,Urban,62091.0,Electronics,6,Desktop,Food,65.31367736810873
fa9c7660-3411-4d27-bbb3-7b34632c54a5,54,Other,Rural,93471.0,Sports,9,Desktop,Electronics,40.804598747109935
6eb54f38-c03b-4513-8d20-097b86dc5864,25,Female,Urban,24782.0,Sports,1,Mobile,Electronics,13.591718233461362
83e297dd-4815-4659-a54d-54198612e02e,42,,Urban,,Sports,7,Tablet,Sports,46.86677655330382
dd88ba6e-5885-408e-a008-0571606ed3a7,27,,Rural,101801.0,Sports,3,Desktop,Electronics,115.13097418002837
c4a8b62c-8d11-4085-9fd5-c6c31d720550,74,,Rural,73163.0,Books,3,Mobile,Food,115.3128362190137
9683f661-31c1-4c62-819d-28281d61fc20,25,Other,Suburban,56136.0,Books,4,Mobile,Electronics,57.1529620112686
8a2b6394-a903-4f47-b758-d0aee02d5e10,57,Male,Rural,25471.0,Books,2,Desktop,Electronics,95.96892635960525
a440f5fd-3995-4235-826b-dbf1af5efc78,56,Male,Suburban,123265.0,Sports,3,Tablet,Electronics,76.73846954135672
52d94ab1-140e-43f4-b2d9-26fd11f7d08d,78,,Suburban,74363.0,Clothing,9,Tablet,Books,61.88598312814649
320fe2d2-a5c9-41cb-bcb6-1ba64b2496db,57,Other,Rural,36565.0,Food,4,Desktop,Food,115.57381883741033
9972bddf-96ef-4a00-86f2-e03dafdab591,38,Male,Urban,72073.0,Books,4,Tablet,Sports,9.649797411541957
3efade19-d5da-4d2d-8f04-1dfe04d60084,18,Male,Rural,117123.0,Sports,2,Tablet,Electronics,6.423804125786576
754b4d92-228d-46de-accd-18699b5141b2,25,Other,Urban,48726.0,Clothing,6,Desktop,Electronics,63.16761016783286
3258277f-6410-46b4-b55e-23d0565796ad,75,Female,Urban,,Electronics,3,Desktop,Books,78.98070032297
ec61a071-d0ed-4cd4-8edf-1ef34711e937,20,,Rural,,Electronics,7,Mobile,Food,11.925363343943708
a2e754e9-61c8-4a9c-aa45-2b10bd2480c7,77,Female,Rural,117221.0,Sports,8,Tablet,Clothing,95.86289418444034
31475701-3f06-4229-bf44-d28c383886d0,36,Male,Suburban,128282.0,Electronics,5,Desktop,Clothing,101.30919498096921
e2b70970-ee18-4309-980e-a807d1491e88,62,Male,Suburban,141634.0,Food,3,Tablet,Food,51.697348450446235
43fc1fce-1c0f-433f-a619-e089d767f40e,23,Female,Urban,104581.0,Sports,1,Mobile,Clothing,76.14505955258073
c0aeb240-1228-443b-a19a-c5cfb6e0a30d,38,Other,Rural,,Clothing,3,Tablet,Clothing,114.74581456045847
209b2299-a501-4c60-bd07-9ec16946465d,44,Male,Urban,94054.0,Electronics,5,Mobile,Books,112.48215188705201
de89e90b-e00b-49fc-bc38-b95c8b2b49ee,32,,Suburban,98785.0,Clothing,2,Mobile,Electronics,59.01258418711058
c0f54a43-12d4-4c06-b7c2-3e6488b64910,58,,Urban,112588.0,Clothing,5,Mobile,Books,27.659494060091383
5b80b84a-7626-47d2-9a85-b11c7a37566e,35,Other,Suburban,,Sports,6,Tablet,Electronics,97.6217894118445
4b49b895-be75-478d-a85b-45d23a72c893,49,Male,Suburban,45230.0,Electronics,6,Tablet,Food,100.91976759491432
332d91f7-a4f2-4b72-a195-95f25ad2063d,62,Male,Suburban,62407.0,Food,5,Tablet,Sports,67.38292308262173
0ee9686e-8413-4bc8-9aff-fc9571da64d0,50,Male,Urban,138127.0,Books,4,Desktop,Clothing,105.6107924696141
04d9d909-84f4-46bd-a61d-3c94d8213c2f,38,Male,Suburban,36714.0,Food,1,Tablet,Books,74.4458476187849
9ec719b1-52df-46ab-be83-ad5ea2927341,68,Male,Rural,101345.0,Food,1,Desktop,Sports,7.664305968399289
ec6fe08d-4b59-4312-9503-79fa90ac8907,24,Male,Suburban,146245.0,Clothing,7,Desktop,Electronics,59.5804074713734
e2a85206-79ad-42e6-8403-324e1fde2959,29,Other,Suburban,35887.0,Electronics,2,Mobile,Electronics,33.92712615501591
6340fea9-4c11-4661-8a11-74fd350b52a8,49,Male,Rural,,Clothing,9,Tablet,Sports,104.7574592878438
a1dde431-8c7e-4449-8868-75f12695ae5f,38,Female,Suburban,113087.0,Food,5,Tablet,Sports,32.9981593501838
61b7c050-fe5e-4321-ae59-3fc8989f8fd4,48,Female,Urban,36811.0,Clothing,6,Tablet,Sports,8.24930231542509
5442d1ce-a3ef-4958-a8a0-f966bb1028c0,28,Female,Suburban,115455.0,Electronics,3,Desktop,Sports,117.54549757754525
410859b7-e110-47eb-9db9-16c32f6cce08,69,Other,Urban,,Books,5,Mobile,Food,60.58028529854655
67ef3f48-1078-4bc9-b1c4-76eea6a3296a,38,Female,Urban,133406.0,Food,8,Desktop,Food,66.03059702657524
73e4a9a6-281c-46fb-b323-a1b4fa006e03,68,Male,Suburban,,Sports,3,Tablet,Electronics,75.54722965672714
6279d3b5-7358-43ff-90de-0c7a708f94f7,61,Male,Urban,121124.0,Clothing,7,Desktop,Books,108.91019098772573
a7c9b68b-32da-4c7e-99e9-16c0e560950f,57,Female,Rural,40173.0,Books,8,Mobile,Books,21.833561837499982
b2b35ae9-0976-4bf9-bc61-981fb54439a7,75,Male,Urban,65644.0,Books,7,Mobile,Books,5.234345383476315
6a67660a-f938-4432-bbb8-0565a444db19,19,Female,Urban,65677.0,Sports,7,Desktop,Books,116.07504310336797
9767c3e8-862a-4c80-8251-7ba787d1d1ce,71,Other,Rural,125382.0,Clothing,6,Desktop,Sports,76.14826228196686
a1fdd193-c61e-4329-9491-87f472756022,78,Male,Rural,,Food,2,Tablet,Clothing,94.66791905394555
24407605-e4d6-4636-af84-56b54984a561,55,Male,Urban,,Clothing,4,Mobile,Clothing,
c0bfb975-cfbd-4e0b-a77c-99e50dcb9629,33,Other,Urban,120363.0,Clothing,8,Mobile,Clothing,87.8396607706398
7448bc02-b4a9-4ab4-b331-ebbcff981854,79,,Urban,116015.0,Food,7,Tablet,Sports,62.70499484205179
7e1471a6-a487-4233-9f5b-38f7df73a0a7,27,Female,Urban,68728.0,Books,1,Mobile,Books,98.58872172292767
032797cd-e103-4e51-8b72-8d3b1bfa789a,32,Male,Rural,77458.0,Electronics,8,Tablet,Food,15.838529433327867
0c6cf1b2-5c07-46bf-81d0-d528045cbb6f,67,Female,Rural,38279.0,Sports,8,Desktop,Food,69.67887805007325
66079dbf-379b-45f1-8466-7ea39fd7268d,34,Male,Urban,31336.0,Books,8,Mobile,Sports,87.76547655089004
ad751b1d-2fec-448a-9923-1aa3fb6e546a,54,Female,Suburban,140894.0,Clothing,4,Mobile,Food,19.883267564333725
d5467af0-de00-4ab2-a72a-731f7805a318,44,Other,Rural,144544.0,Clothing,8,Desktop,Books,18.118058225205974
43c67fb2-e940-4a42-b549-6bd32bca5d92,67,Female,Urban,112594.0,Food,6,Tablet,Electronics,96.4847205785047
3fca286b-48c9-4e55-874e-ffb571259356,24,Male,Urban,74509.0,Sports,1,Desktop,Books,62.51234463922636
172d06d0-ef03-4adc-b776-7489851458b7,24,Male,Urban,147120.0,Sports,7,Tablet,Sports,18.861349219274636
2349ff6c-33e0-4d2e-8243-96553fdceba5,19,Other,Rural,133008.0,Clothing,2,Mobile,Sports,67.33299164338797
075e28e5-5b8e-4dc6-9db2-f4b24758bc7f,30,Other,Suburban,86302.0,Books,4,Mobile,Books,21.506979849154998
d4cb2772-571e-46d6-8368-97f189ecb4ef,47,Other,Suburban,36836.0,Clothing,3,Mobile,Sports,24.432868449076224
2d99aa5b-b4f0-4197-abe5-a9020f70753e,47,Other,Rural,131277.0,Food,4,Mobile,Clothing,109.05840359824559
831b427e-5304-4230-a90a-af82e514bdb1,43,Female,Suburban,29895.0,Sports,7,Mobile,Books,19.063833928098006
b7c48bda-f0e3-4875-b5e5-46c1c5b96d84,19,,Rural,144827.0,Electronics,9,Desktop,Food,21.104253936437885
2baf287e-4e25-4d5f-88ac-02b7b5ba0905,61,,Suburban,99922.0,Food,7,Desktop,Sports,22.028061400236073
12b14981-c657-4b2e-82cb-359608b1ee5c,47,Male,Rural,102348.0,Food,6,Mobile,Clothing,66.96925138880084
1a0808b7-6d11-4cbc-9639-542a760020c1,31,Female,Rural,42949.0,Clothing,5,Desktop,Electronics,73.41688918419146
f7f7df14-63c6-4b36-bfa0-c4221cf13d32,52,,Suburban,84034.0,Food,6,Tablet,Books,22.344784033198028
b60f08cb-adad-4bf4-a66e-52402ab74608,48,Male,Urban,133561.0,Food,4,Desktop,Electronics,56.681183142511394
0be52ef1-c5ee-465e-862a-2bd50f1016c0,34,Female,Suburban,47723.0,Clothing,4,Mobile,Electronics,14.922697967565567
edec5abf-413d-4f8e-9960-c8f95d7b59d9,52,Other,Urban,73969.0,Sports,5,Tablet,Electronics,
a7115066-f59f-45f4-ba52-a69d3f58cd75,46,,Urban,56476.0,Electronics,8,Tablet,Clothing,64.04663378636687
3d4515cb-816d-416b-8ad4-3c1e2868230e,27,Male,Urban,35177.0,Clothing,7,Tablet,Books,35.54570960316606
84a5f04f-9daf-4de3-8938-f5f1b9ed4d96,70,Female,Suburban,,Clothing,1,Desktop,Clothing,37.07303139479287
42d227e9-7087-4897-bdd8-dc474c2e50ba,71,Female,Rural,41537.0,Electronics,2,Tablet,Sports,114.83462815898633
f128f585-cfad-4228-a3b4-f1e7c0a6df14,66,Male,Rural,,Food,5,Desktop,Electronics,110.41040304869948
3cb8c3f2-12a9-4487-9d85-99c9ab7fb262,30,Male,Rural,130835.0,Books,5,Mobile,Clothing,114.643088329076
b7962a61-754d-45aa-a8fa-ac5c4ad12b08,66,Male,Rural,114782.0,Sports,5,Tablet,Electronics,85.46979517605025
fd698e8d-a950-4681-9051-dbd52f4de70b,43,Male,Urban,35749.0,Electronics,9,Desktop,Sports,90.54145607072567
822d821c-0c8e-487a-8738-03b4980383e4,69,Female,Urban,,Sports,8,Mobile,Sports,115.76684722663148
a5c10bc5-c6a0-4d84-9ba2-658923e82147,33,Other,Rural,,Food,8,Desktop,Clothing,99.52136496300963
bca5b21c-e5af-4135-bb17-c33f40eae5f8,54,Other,Rural,136193.0,Books,7,Mobile,Electronics,73.58636709117513
d3628bd1-53fc-406b-b92f-4b95d4153ba1,62,Female,Urban,,Books,4,Tablet,Food,110.68999478851765
75585210-8a29-4cc7-bfd2-2b3f2dd1258b,20,Male,Urban,107342.0,Electronics,6,Desktop,Food,6.343747613787544
e5635870-6d95-4f07-b3ff-da54ba6d86d0,38,Male,Suburban,64795.0,Food,6,Desktop,Electronics,65.86047004913462
eadcc36d-2f3b-4593-aad9-eb7bfec8b685,29,Female,Suburban,48485.0,Electronics,2,Tablet,Books,117.02457835422811
a60be3b5-eb1b-4f6d-ab72-7b46b6a54318,57,,Rural,46174.0,Electronics,7,Desktop,Books,79.4200659812761
2057b61b-3747-4b6b-9037-068748967dee,20,Male,Rural,138239.0,Electronics,6,Mobile,Food,38.48720064075453
d809fdf6-6a8f-44c6-8732-9e0aaf4ba677,71,Other,Suburban,111932.0,Food,6,Tablet,Clothing,95.16317861186047
9046134f-c7e6-44ec-a2c3-4a05d1812ce8,69,Other,Urban,134862.0,Books,9,Tablet,Clothing,70.51299942109388
65fc6fd9-7180-409d-8333-54a2b56a0933,45,Male,Urban,,Books,8,Mobile,Electronics,9.700393110847003
55076b4c-f381-4f44-a772-3b2741297b84,40,,Suburban,58334.0,Clothing,2,Desktop,Sports,9.744094462802744
c07a5e23-2ec3-4abf-8e3f-8da183057807,43,Female,Suburban,50449.0,Sports,6,Desktop,Clothing,47.34547327412602
80b01203-8fe9-41a6-864a-7cef5c443c35,32,Other,Rural,82789.0,Food,4,Mobile,Books,91.92204682921879
3092677e-d619-4c68-b221-830f2d3825e4,55,Other,Rural,101097.0,Food,3,Mobile,Books,80.74021818527203
ccde1582-f775-4c01-be57-8e274f4b47ed,66,Female,Suburban,107927.0,Books,6,Mobile,Clothing,51.4998887421968
9356643e-1284-4e0a-a75b-93596f68025a,30,Other,Suburban,77593.0,Clothing,8,Desktop,Clothing,60.20869631433272
26d807de-f60b-440f-af16-2c6bb3791f65,41,,Urban,83972.0,Clothing,6,Desktop,Sports,94.3902179980913
ce420f79-8277-44ff-bd9d-86b951ba2048,77,,Suburban,67303.0,Sports,2,Tablet,Books,5.542356449529409
b9aa1d1b-c60f-4176-aa97-753fe16a111b,30,Female,Rural,88249.0,Sports,2,Desktop,Food,48.499993232895136
2ca7aa73-fd91-4f0d-95e8-f3db14e6886e,31,,Rural,137111.0,Sports,7,Mobile,Books,105.37939118930872
122d6404-baf2-4a17-b9bd-92c28310ec2d,23,,Urban,51187.0,Books,3,Mobile,Books,100.93419682689614
e7bed4f1-1133-4739-aeae-d62eba5f0064,53,Other,Suburban,37002.0,Food,9,Tablet,Sports,
10b6a01b-4c72-4a8b-979c-b2d22f1d6824,24,Male,Rural,56064.0,Food,4,Mobile,Books,30.32312295379843
aeceedc2-1d16-42f8-8026-f6001ced4ea2,56,Male,Urban,31100.0,Clothing,5,Tablet,Sports,48.680886849510244
29a9be6c-4891-4d3d-8f58-260306c1eee5,34,,Urban,94537.0,Food,6,Desktop,Books,64.93682893352093
12f86242-5951-4e04-a0e8-f608ede20cc3,56,Male,Rural,59920.0,Clothing,3,Desktop,Electronics,
7f4f0b64-c934-4a70-a52f-3f966fcd8d72,48,,Suburban,43570.0,Clothing,6,Mobile,Books,67.9142495631636
f067aa31-eaff-48b4-bba1-a61f2907beae,43,Female,Rural,,Food,3,Tablet,Food,99.988078442701
1235469d-b908-46c3-966b-c4aa91d33497,73,Other,Suburban,137638.0,Clothing,6,Mobile,Food,69.33761542558679
87e09c60-e3d2-469e-bc30-ba6c09db0fd8,66,Female,Rural,130484.0,Books,1,Mobile,Food,
3940cc8d-9e7a-4479-8b78-3f3ef39323ee,19,Female,Urban,83052.0,Clothing,8,Tablet,Food,36.8449082102871
08227556-1536-4418-bf40-28992fa57ca2,23,Other,Suburban,121203.0,Books,5,Tablet,Sports,27.378429304710057
ce4cf1e5-672f-44df-8a36-1a78fd4d265a,30,Female,Suburban,,Food,8,Desktop,Electronics,20.917661883222884
aa1f6758-818c-42e4-b71a-c4df50133752,53,Female,Rural,71374.0,Electronics,7,Desktop,Sports,65.75153562979943
6adac172-19f7-45ab-8b79-c9e28879381b,32,Female,Rural,91334.0,Electronics,4,Mobile,Clothing,91.90668871917036
6eef9693-350c-4682-bf74-56f85c5f81b6,77,Female,Suburban,58509.0,Sports,8,Desktop,Clothing,79.3311857750864
a2998d40-9535-4a28-96ca-234285638c97,49,Male,Urban,97430.0,Clothing,9,Tablet,Sports,90.11689743852948
1ed08793-6067-4024-8266-1c8e50784f17,76,Male,Urban,108223.0,Books,1,Tablet,Clothing,20.812391452811678
03ea515d-56f7-4602-9fe0-9171527aa7e1,66,Male,Rural,,Food,3,Tablet,Electronics,99.68813652758075
6bcfbdca-3214-4932-a686-afe18556787f,52,Male,Urban,88423.0,Books,4,Desktop,Electronics,18.480977717927914
2774db58-4f6b-4a3d-bba9-4b442a965abd,45,Male,Rural,,Electronics,6,Tablet,Sports,47.09749298566922
56a794cc-d150-4f14-bfbf-0a1d7bfd868f,63,,Urban,21797.0,Books,7,Desktop,Electronics,119.27177639604952
95eb0def-a15f-4ea1-b00b-f2c0812735d5,51,,Urban,37322.0,Electronics,3,Tablet,Sports,39.83537006077969
bf03c752-3c7f-48c0-bf7c-105a61d067b0,35,,Urban,96154.0,Sports,4,Mobile,Clothing,71.56202004991019
344e1e52-1655-4d51-a825-e7e8abd0d11d,75,,Rural,,Food,5,Desktop,Electronics,94.61863866800878
5d4be35b-e534-41f0-9fe0-2952637a6416,54,Female,Suburban,92805.0,Books,9,Mobile,Food,77.22848066298019
a8c27d86-ecd3-444d-9862-6b29809dd1f3,61,Other,Rural,56540.0,Food,4,Tablet,Clothing,107.53304565132441
f4009bc8-78a4-4e49-90a9-60f0bd7d7611,37,Male,Urban,98775.0,Electronics,4,Mobile,Electronics,44.43065748898738
f373f8be-7678-40b6-b852-7635fab028fe,34,,Urban,107757.0,Clothing,4,Mobile,Electronics,30.106211110041514
2aa39df4-59d6-4dc4-8518-a32227c48520,56,Female,Suburban,143169.0,Books,9,Desktop,Clothing,60.84629157927816
d47c6bf1-6354-42e1-87e3-fc096bd3c630,52,Female,Suburban,89053.0,Books,6,Desktop,Food,68.4629288432032
96f76bb7-196b-4147-bdf3-7ae6074620da,30,,Rural,98575.0,Books,4,Desktop,Food,29.301646254010354
fdc96d55-73f7-4106-a48f-2b538fd13e09,22,Other,Suburban,90257.0,Sports,4,Desktop,Sports,29.980875360308875
058721d1-f05e-4507-b3ee-fb4f640026b0,79,,Suburban,88424.0,Electronics,5,Mobile,Clothing,118.39040290328641
0b185330-cbd3-4473-bc4d-51d2a55469bc,50,Male,Rural,85680.0,Electronics,1,Desktop,Clothing,80.2701303662263
e8e85626-5809-410b-8736-6bd59157190f,31,Male,Rural,,Food,3,Desktop,Electronics,24.737228576448192
ce2f6589-1762-4621-8254-d5259ba6e43f,63,Other,Rural,41558.0,Clothing,7,Mobile,Clothing,90.91211436575615
dafd0493-4d53-43d7-a273-61f424427a67,19,Female,Urban,104662.0,Clothing,1,Tablet,Electronics,71.44767448278672
6b87051f-de9d-42cf-903d-f19779cb192e,52,Female,Urban,71987.0,Books,2,Mobile,Clothing,89.6242417029981
c7bfcc55-1855-4056-8a84-18378bb159ef,41,Male,Suburban,128887.0,Electronics,1,Tablet,Clothing,13.132008292882793
6d63746b-673b-4898-8418-b5ba7caa5b7e,58,Other,Urban,94666.0,Clothing,7,Desktop,Electronics,64.55817753936455
c419cbae-e46c-4e78-b5df-d9736399b41c,52,Female,Suburban,,Sports,8,Mobile,Clothing,80.30577524525907
a806f81a-507e-4a9f-a464-eb56de77c54c,35,Male,Suburban,92890.0,Sports,2,Desktop,Food,31.814761366053464
cb9df284-0855-42ed-92bf-31a1bcb3605d,54,Other,Urban,147542.0,Books,5,Desktop,Books,73.92173590221752
957ffc68-1ba9-402e-a899-0f19f7c8f694,21,Male,Suburban,134583.0,Books,4,Tablet,Electronics,64.23088672611709
69dfb8e2-5d5f-4551-8d29-e5cc9e33926a,62,Female,Urban,98908.0,Electronics,6,Desktop,Books,38.24577057328426
0a332512-ba48-4203-b9ed-715649bb4d02,36,Male,Rural,126422.0,Food,3,Tablet,Food,87.26008583171328
77bb3620-a240-4f2c-994b-0c9f9dd25cef,49,Female,Rural,55250.0,Electronics,9,Desktop,Clothing,44.53474765666587
9e47d6e2-d69a-417c-b50f-a57a7722bede,47,Other,Rural,22398.0,Clothing,8,Desktop,Food,
d915603f-34a3-49f9-b11f-12a02cc6320d,18,Female,Urban,109729.0,Books,6,Desktop,Food,23.945606461699327
032f09cb-f912-49b5-9271-abd2c6154f88,65,Male,Rural,96672.0,Electronics,8,Mobile,Food,24.668981914218524
51481c80-5158-40f1-bdfd-d8c2010a3a08,74,Female,Urban,46485.0,Sports,9,Desktop,Electronics,50.40548792123141
175d859a-687e-4660-8757-4b19236bb66a,19,Other,Rural,,Electronics,1,Mobile,Food,82.71317035813414
13c470c9-cc7e-4f46-8505-bd58e60cbc34,25,Female,Suburban,25328.0,Sports,6,Mobile,Sports,8.826017755049396
b4654216-f7f7-4fbf-8a45-9a010b658f79,76,Female,Suburban,46931.0,Electronics,3,Tablet,Food,60.58601571784196
6fc92822-b8f1-4032-b217-e1aae0495afa,31,,Rural,80838.0,Food,6,Mobile,Electronics,29.045669546220463
954a0345-b9dc-47d3-a6d6-a39e1f430b78,69,Male,Urban,66290.0,Books,2,Mobile,Electronics,105.76738270081557
0f47450b-9f8f-4786-9a3d-67bc3f5788dd,23,Other,Urban,114148.0,Clothing,5,Tablet,Books,56.63747870789031
f54383af-11d1-4660-a624-687bcb60ee84,59,Male,Urban,78090.0,Sports,5,Mobile,Books,57.08020438411815
a5cabd7c-29f6-4c99-b04d-6aaa8e68728a,76,Other,Rural,67134.0,Books,4,Desktop,Clothing,32.1237157865625
a36612c3-1cbe-4391-a515-de6fb77ca1af,26,Male,Suburban,64988.0,Clothing,6,Desktop,Books,22.43851492339491
c56ca75c-2d94-4d60-a629-b733d3586951,60,,Suburban,,Books,9,Mobile,Electronics,26.008407701949146
7d08cb47-7329-4396-bb5a-ff46417d738a,59,Other,Suburban,,Electronics,2,Mobile,Clothing,65.1832352348296
f2e67f08-cf87-4259-9bcb-48c552b510cc,59,,Rural,44179.0,Clothing,2,Desktop,Food,83.87293429280196
c2a4f632-fe54-4e8b-8aac-57c1c4e1c1f3,41,Other,Rural,138600.0,Sports,7,Mobile,Clothing,30.701534624790934
6f2d50ec-448d-48b9-baf2-7086a7c2a86c,59,Other,Suburban,146802.0,Food,8,Desktop,Food,116.17283040836647
451aadf6-0e49-4d62-a720-3fbeb08ba3c7,78,Female,Rural,24116.0,Food,3,Tablet,Clothing,94.44721249276378
72f5f227-963b-4a52-acdb-1bccac0efb2a,27,Female,Urban,110743.0,Books,8,Desktop,Sports,44.67722495476334
ec231d7b-1b11-45c0-91b2-309d9d953af3,47,Male,Urban,100513.0,Books,2,Tablet,Clothing,67.04809633634696
b10b57c1-6c49-4104-b356-13bf328b3433,41,,Suburban,36055.0,Sports,3,Mobile,Food,40.83344276826181
d6301a79-5719-45ad-8c9a-42798d56f4cf,28,Male,Urban,,Food,9,Tablet,Electronics,24.53438530881617
3f9eaf01-9e4f-4cea-bec2-19d1b09d08b9,53,Female,Suburban,23616.0,Books,3,Desktop,Electronics,37.56948338050909
4128cc6a-ff02-48c0-90a1-871eb9e15294,19,,Rural,89987.0,Sports,3,Tablet,Clothing,91.77265457989293
c6351e20-52ac-48e5-b504-bcd038d0ee63,47,Male,Urban,131623.0,Clothing,3,Tablet,Books,117.94310018360265
7883cd3d-df26-4a40-b59f-8d943e5580c9,36,Male,Suburban,83322.0,Electronics,1,Desktop,Books,87.25555254806318
1f2914fa-ae9d-4491-965d-19363e8f1c6d,25,Male,Suburban,,Electronics,5,Desktop,Books,34.27514396380908
dda64877-3df7-44f8-af04-ca6eca46770c,44,,Urban,88883.0,Clothing,8,Desktop,Sports,23.123555521783317
7d64aef2-d349-4b81-b9cb-c5054a2d22ac,37,Other,Rural,,Clothing,1,Mobile,Books,7.149064994280492
fcfb727c-c56e-4263-ae17-d0f3a7c763aa,50,,Rural,62290.0,Clothing,7,Mobile,Electronics,12.03774478072885
ecae2d17-72ce-4499-be43-49ff0357a2dd,33,Male,Suburban,113350.0,Sports,7,Desktop,Electronics,65.24832193004963
b30095ee-8c99-4461-88b2-141e2a3bbb95,56,Male,Rural,137617.0,Books,4,Mobile,Clothing,101.92463327003261
b72c8c4e-bc06-4dea-8d51-63983134e207,29,Male,Urban,,Books,6,Mobile,Clothing,23.259653854998284
190c370d-5b65-4407-9413-e857a3fa4016,49,Male,Urban,54172.0,Electronics,7,Desktop,Electronics,25.82053920791111
1236f110-600e-4a16-a251-738b34e78d9d,71,Male,Urban,94224.0,Books,2,Tablet,Clothing,
b8dd999e-cc9c-4179-95ce-7ed352646b43,31,Female,Urban,,Sports,9,Desktop,Sports,98.22983511544282
fc2e7905-269a-42c4-b105-602eee594201,77,Female,Rural,,Food,9,Mobile,Electronics,10.709535382673021
d358038c-d0c4-4e6f-9a4b-bcc1ab7f3266,26,Female,Suburban,,Books,9,Mobile,Food,51.14007681199032
3729fbb4-a903-48f8-aa2e-22f06a2b3f5c,57,,Rural,114766.0,Food,4,Desktop,Clothing,98.49739588831909
1650625d-a27b-49e8-bdd5-aed3516003f7,65,Female,Suburban,105235.0,Books,4,Mobile,Food,14.065425019057022
641e7bc7-a754-4c51-aa82-0439035c9cdb,45,Other,Urban,109259.0,Electronics,4,Tablet,Books,61.29225767350692
38dd4cdc-26f3-4852-b911-31c6ef10be96,63,Male,Urban,,Food,3,Tablet,Clothing,89.74256194686518
452acf70-bafc-48a6-954b-6e8db56443bf,46,Female,Suburban,,Books,3,Mobile,Electronics,45.22048074959406
2a98add8-99cc-469c-ba6d-3accb2cb973c,75,Male,Suburban,46918.0,Electronics,2,Mobile,Electronics,58.396687346334566
9f3a7c38-cca3-4ffa-ac01-d2d28fc9cecd,72,,Suburban,95974.0,Clothing,7,Mobile,Sports,81.39174152221396
1d13f172-177a-489d-945a-26eb8bd21d6b,78,,Rural,134481.0,Books,1,Mobile,Sports,
50e1d999-404e-47f1-a9bc-459a975e2860,66,,Rural,57100.0,Food,9,Tablet,Sports,61.60976676007496
6d7568f2-12f2-4fb3-8aa8-548d290cac08,53,Female,Urban,59505.0,Clothing,5,Tablet,Electronics,116.021683745848
c11c30f0-9824-4611-a7b4-1020245907e9,41,Male,Rural,34252.0,Food,7,Desktop,Clothing,100.7173102674811
e87ce91a-29d4-4a54-b850-b400c6f65df5,75,Other,Rural,,Sports,1,Tablet,Sports,30.248044095762058
1efefb51-6a11-47c7-9506-408dd29dfaf8,61,Other,Urban,27996.0,Food,5,Mobile,Books,117.40019997948804
7822ceee-d2ff-4463-930c-f1a55e743ab2,54,Other,Urban,51064.0,Books,4,Desktop,Sports,83.76742793975575
e72a3241-14cf-4387-a987-d6adf9dbb5aa,66,Male,Rural,86100.0,Electronics,3,Mobile,Books,27.196027610721565
f69cc8db-5af9-414f-8892-77d034647a4b,25,,Rural,106910.0,Books,8,Desktop,Clothing,14.218984484394415
4997de83-f6ac-4bf4-a9d6-cde2f649d507,64,Male,Suburban,93714.0,Books,2,Tablet,Sports,41.79999787580746
394c8b77-52f3-40a3-b46a-dee613e33cac,40,Female,Rural,149549.0,Electronics,1,Desktop,Sports,48.44672923511095
7bc666f1-bc75-44ec-8408-2fd9bd75b157,57,Female,Urban,120165.0,Books,4,Tablet,Books,53.526139004069755
0fe57401-7fac-4dcc-84fa-3df9805ddc17,63,,Rural,96334.0,Sports,5,Tablet,Electronics,15.711992542869819
660b1ad0-70c1-4aaf-a308-aef8f33b1d94,29,Other,Rural,119013.0,Food,6,Tablet,Food,6.012172790548295
b65729e9-ee65-4e22-8e27-f99fb911a205,68,Other,Urban,109482.0,Clothing,9,Mobile,Sports,42.62849026372839
a7e60ab7-4f44-4c0c-9487-b60ec3e2af57,65,Female,Urban,28403.0,Clothing,1,Mobile,Clothing,49.63767569381035
14882acd-6872-4c0c-8215-f51c3b0ec493,45,,Urban,85362.0,Electronics,7,Mobile,Food,90.92979687378656
80a502b8-f8b3-43e6-a46f-c1e30319eee5,74,Other,Suburban,68509.0,Electronics,5,Desktop,Books,103.82990336764304
bf469099-3a9c-4d73-aef5-683d6f3ba74b,66,Other,Rural,115056.0,Food,1,Mobile,Electronics,32.24729215686554
34f994a2-79a3-4e20-8c71-17d39be983ba,74,Female,Rural,141707.0,Electronics,2,Tablet,Electronics,89.61528698765078
cc838136-3226-424a-98db-e281c3b688f8,58,,Urban,149199.0,Food,4,Tablet,Sports,72.4164820761591
9db8758f-bd39-4dd8-a57d-9bca1ce0559f,42,Other,Rural,36766.0,Books,7,Tablet,Books,15.334382231701417
26742fde-e2ac-4432-add4-d3043b6c3016,23,Male,Suburban,24027.0,Food,7,Mobile,Food,25.601410920326284
7fe6d48b-17d8-47f9-b428-668c97971d66,43,Male,Suburban,41305.0,Sports,5,Mobile,Clothing,23.601537305419857
e0efa452-c4fe-4ced-8274-3dfef76a9ff6,58,Female,Rural,,Clothing,4,Tablet,Electronics,89.85198372953045
3d443441-f172-4c53-8644-4c2691ae05fc,78,Male,Suburban,130244.0,Books,7,Mobile,Clothing,109.5805183739799
dcfba915-0dbd-4f08-a342-48f574b06dc0,75,Male,Suburban,87382.0,Electronics,7,Mobile,Sports,7.541860679972937
77f900e5-0cbf-4fee-895f-a1fc550674b0,41,Female,Rural,115821.0,Books,2,Mobile,Sports,49.57664731764067
5df4e2c3-f8d1-496e-be08-b372e7684a85,60,Other,Rural,98611.0,Food,7,Tablet,Clothing,37.2069730018492
4d8f88c8-b89d-4033-92c2-b7cfa9e95d21,57,Female,Rural,,Books,3,Tablet,Clothing,62.956119579921314
64d3a221-6a05-421f-9945-835fab191ad3,70,Female,Suburban,131775.0,Sports,5,Tablet,Electronics,9.576028041781703
03e884b3-29fc-4dee-b512-c4a9e0187be7,50,,Rural,67686.0,Books,8,Mobile,Books,104.25637869328207
606d9e0b-4be1-4d2a-a0ef-27ed225a9ef1,22,Male,Urban,80003.0,Books,3,Desktop,Electronics,86.8314889081735
e6c520d0-3773-4ead-8604-483b269a476c,29,Male,Rural,51371.0,Clothing,2,Mobile,Food,98.05427029568395
7c4a0e66-80bd-41fa-830a-5effd70335be,39,Female,Urban,98908.0,Books,8,Mobile,Sports,89.64239116461657
e124c2c0-11dc-46b9-a203-3d12c8698cf4,70,Female,Urban,136616.0,Food,5,Tablet,Electronics,43.14527398888659
ae6d65d9-ea65-455a-9602-89ef473b4113,37,Male,Urban,,Electronics,3,Desktop,Clothing,108.1346257744523
cf470488-6ad0-4ac7-b7cc-5465404f5fb4,43,,Suburban,103298.0,Books,7,Tablet,Electronics,92.12071898964204
36715f24-cfcc-4748-9f35-10c7245fab4e,30,Female,Rural,,Sports,1,Tablet,Books,6.886961354812142
4e225d14-bbc0-498c-a670-11335c3e4900,25,Other,Suburban,146822.0,Food,9,Mobile,Food,93.13059557219103
981c35c2-253f-4c6f-ba90-e81b5b13e80e,20,Other,Suburban,105423.0,Food,2,Tablet,Books,10.31207125715487
53eabc93-d8a9-423b-80ba-6149efd17c3b,53,Other,Suburban,98234.0,Sports,7,Desktop,Books,86.73321821192732
120a1bcb-d4cb-40d4-a559-cd9a8e0eff91,28,Male,Suburban,79622.0,Books,9,Tablet,Books,22.333612194013003
63b37c19-de9c-4404-ba42-969d4e570781,69,Male,Rural,146155.0,Sports,3,Tablet,Clothing,32.832579394392624
d7296c8e-a2db-4f10-bb09-9a4fedc7ac51,75,Male,Suburban,83390.0,Electronics,3,Mobile,Electronics,7.393609393214691
c2634c2e-3ab2-423f-b4d7-6d5a4babc165,49,Female,Rural,96154.0,Electronics,6,Desktop,Sports,73.53357708831946
bb9f3f6c-2a81-4219-ab1c-dabc18b321dc,47,Female,Rural,97066.0,Food,7,Tablet,Books,34.761509042408534
5177dfa6-7837-417f-94e9-4d71df933809,28,Female,Urban,70190.0,Food,4,Tablet,Electronics,84.4059806207199
dd51a07f-37ee-4572-bde5-9bc671711cbf,27,,Urban,122725.0,Food,8,Tablet,Clothing,53.366447772622266
14d18ca6-105b-4bb6-bf08-63ee6a098eb2,37,Other,Suburban,134100.0,Electronics,5,Desktop,Clothing,117.56969481798478
5a452b4a-7150-414c-ab75-27afd5654471,64,Male,Suburban,77193.0,Food,4,Desktop,Clothing,57.58439827882827
85ab7901-3fcf-4ae9-b62b-9a8b8b9508f4,79,Female,Urban,148222.0,Books,5,Mobile,Sports,27.142236591273615
e0f9208f-d516-49c3-9412-c51bc448ef7f,70,Female,Rural,80559.0,Books,6,Tablet,Clothing,82.64647750577737
254d3b27-2cf0-46c0-965b-1d3fa77a0582,58,Other,Suburban,49328.0,Sports,2,Tablet,Electronics,51.97603533025241
7c259b52-76bc-460b-92b2-03d2c076dd75,20,Female,Urban,114084.0,Clothing,4,Mobile,Sports,19.30630289301838
eda9518a-3a90-4dbe-988b-63ba86a17eb5,32,Other,Suburban,133001.0,Sports,5,Tablet,Books,72.70344736830526
e7cbbfe4-c86f-42be-9904-9f7d78fe73b4,68,Male,Rural,145112.0,Books,1,Mobile,Sports,43.08678731736136
d9113ba7-b4df-46fd-bbed-8b648b34ddb7,50,Other,Rural,35271.0,Food,5,Tablet,Clothing,74.9254943198883
cf18861e-5b87-4474-ad47-347cbe59df7d,44,Male,Suburban,84404.0,Clothing,1,Desktop,Clothing,82.4117670573483
5de9a82c-8af6-4726-a4a6-b5dee131df04,72,Other,Rural,38895.0,Clothing,4,Tablet,Sports,69.48251101094583
88e5a853-87c2-41f6-a08e-a5011b11e444,20,Other,Urban,139369.0,Books,9,Desktop,Sports,38.80200864088954
23906dc6-58cb-411a-aa9b-17bad22b08c7,44,,Urban,,Food,4,Mobile,Electronics,67.77053485068802
85b587fb-5d91-4a0d-8a17-c01aa4447e82,44,Other,Urban,129965.0,Electronics,3,Mobile,Clothing,85.74705225357931
0f256124-c89d-4487-9874-9f72965f2a3a,79,Other,Urban,59038.0,Electronics,6,Desktop,Sports,103.5180899275049
4f2c8415-629c-4cb7-9739-4a71d3e333a7,47,Female,Suburban,27321.0,Food,1,Desktop,Food,6.508036805111111
a8919512-2e5f-4193-a6df-99d84ab6d154,31,,Rural,78923.0,Clothing,4,Tablet,Electronics,73.9024369390944
b0619618-1122-432d-a0e2-2dab56c858c6,68,,Suburban,100431.0,Clothing,3,Tablet,Sports,67.09614830411577
310c8c00-a71d-429d-bd65-db6e036898bf,28,Female,Urban,,Food,7,Mobile,Clothing,77.31323546862407
40172fb2-bb1b-4414-95f0-57d3c43281f9,57,Male,Urban,32960.0,Food,7,Mobile,Electronics,105.91095763255294
c9a556cb-9de1-46dd-9603-5e6236fa0d8b,69,Male,Urban,,Books,3,Desktop,Food,108.27074118982073
a7989fb9-bc05-495b-95e8-02ac9e1ee06c,64,Female,Urban,130855.0,Electronics,5,Desktop,Sports,12.910097601904317
e276bd7e-632e-4332-9d7e-3d511a17c623,59,,Suburban,132279.0,Books,7,Tablet,Food,44.996748135640125
e003ec7c-dacc-449a-9e2f-252c489622b3,65,,Suburban,105529.0,Food,5,Mobile,Sports,116.51368759180842
f23aeb20-e144-4991-b3c3-2a430aa58cd4,41,Male,Rural,43956.0,Books,7,Mobile,Sports,115.96043529182255
61f760d3-5269-4ff9-810c-9b4a2b4c1e58,58,Male,Suburban,49466.0,Clothing,2,Desktop,Food,88.43884957328252
b051f05f-3d29-4664-b123-1f1f27de62bb,43,Other,Suburban,122883.0,Clothing,7,Mobile,Food,61.81671819608774
148eab6f-0680-4197-8695-258681fab42f,69,Other,Urban,,Food,6,Desktop,Clothing,74.42078572958587
fa92eb24-0e56-4f17-b225-caa3d5fd4153,49,Female,Suburban,137563.0,Books,4,Desktop,Sports,101.74267306663931
8dc58531-c63a-4d55-8d88-5f066cac86c6,43,Female,Urban,117190.0,Sports,1,Desktop,Sports,108.37339471414802
4b570e29-7f6d-404b-a78f-a16d64af07d8,23,Male,Urban,140893.0,Clothing,7,Mobile,Food,89.5842431282897
1013c23d-327d-43b7-bce9-1c63c247d55a,51,,Urban,137894.0,Electronics,9,Mobile,Food,6.063722955349884
90792985-6fbc-485a-a4b1-ebe576974be6,36,Female,Urban,118706.0,Books,8,Tablet,Sports,57.821635798643086
d160948c-c770-4787-a534-bc71806643b0,53,Female,Urban,,Electronics,6,Mobile,Books,108.41033803609794
1bb75d9b-a68e-4b33-943f-9cc8b9f66568,43,,Suburban,50656.0,Books,6,Desktop,Books,36.93413549011031
5a3cfe7b-30ab-403b-8bfd-50c59c907b6e,31,Female,Suburban,106609.0,Food,2,Tablet,Clothing,55.18795152133218
0c1351eb-09bb-4719-ba94-5299af95d197,61,Other,Urban,86336.0,Food,9,Tablet,Books,90.40981628103303
f499d61e-ee38-49c5-8933-5c73bc5ddf91,59,Female,Rural,110436.0,Books,8,Tablet,Sports,57.911969760254074
bdcc3431-43de-41a6-bd2f-b38284585684,49,,Suburban,59326.0,Food,3,Mobile,Books,56.8537374864997
d5b75e2d-a16c-4a49-99bc-3f4bea3a6cf2,45,Male,Suburban,28470.0,Electronics,7,Mobile,Food,98.1146922986358
13865582-35e2-4d45-a0ab-9fc87d486b20,71,Other,Rural,72503.0,Books,2,Tablet,Food,28.807861737791338
caef60ed-ef1b-4d5f-b045-01f4c338806d,75,Other,Rural,53971.0,Clothing,7,Desktop,Food,60.3991564102614
5894a2e0-44b6-4ef7-9ee8-77f7ebaf34e4,42,Female,Suburban,61576.0,Clothing,1,Tablet,Electronics,113.20680594235246
38482e8a-6aee-438c-ac69-91ce1264a3b3,59,Male,Urban,107450.0,Books,5,Mobile,Sports,26.95257620838214
a980b679-20cc-41f4-837d-49d29b1f5ce5,36,,Urban,106465.0,Clothing,9,Desktop,Books,31.109766499627977
e961ebd9-77e2-4a72-b4e5-3f77840fedad,46,Male,Urban,61508.0,Clothing,8,Mobile,Books,37.7610369091377
ea3b89fc-1391-4f4d-915d-8864f3470d01,47,Female,Suburban,124624.0,Sports,8,Desktop,Books,80.40000229658149
22763c7a-995c-48f9-b24f-5425e0649f96,53,Female,Rural,31920.0,Electronics,7,Tablet,Clothing,95.5857298562531
9358e2bb-a477-49d6-9a9c-1d0ad80a34f8,20,Other,Suburban,28811.0,Books,3,Mobile,Food,99.06224058368201
beeab7d3-e125-4ba1-9e1b-f362909c7b98,62,Other,Rural,68776.0,Electronics,6,Mobile,Books,66.31682290455691
71a80b99-dbe2-4cee-9205-ecafb4f22d44,27,Other,Urban,20697.0,Electronics,6,Tablet,Books,56.64205553119475
575d5fb6-2d8f-4de9-81e2-c96f26c7ca39,66,Other,Suburban,52896.0,Electronics,5,Mobile,Books,
ed6bdfff-1938-4d57-bda9-632d6e3cb7c9,45,Male,Urban,62214.0,Food,4,Desktop,Electronics,90.83519689234281
7f21d2c5-678b-4b44-afca-ba4a1159f62e,68,Other,Suburban,73835.0,Food,4,Mobile,Electronics,
1bab3166-d391-403b-abe7-713102d5fe85,37,Female,Suburban,45949.0,Clothing,5,Tablet,Books,109.88684220587669
56a6ceb2-2f0f-48bc-a00d-e5788ab23a00,68,Male,Rural,146435.0,Food,4,Tablet,Books,21.1622734654822
3896a626-9b68-4c49-a1e0-048df67b4a26,77,Other,Suburban,39631.0,Sports,7,Mobile,Food,17.174991222441868
143a021c-8016-4d85-ad31-f3c77e86699b,76,Other,Suburban,31920.0,Books,2,Tablet,Electronics,12.769294781751778
ef4c323d-99b0-4af4-ae99-7374193f0cb7,28,Female,Rural,48449.0,Sports,7,Tablet,Sports,15.826968409236017
725fbbf7-41d0-4b19-abe5-3debd149b8cc,77,Female,Rural,22507.0,Electronics,7,Mobile,Electronics,101.84191173487699
720e24d4-69df-46a1-a323-d290341c413e,73,Other,Rural,120210.0,Books,6,Desktop,Books,108.47132171171313
ad929792-498a-446f-bac6-48e90b6ac22f,21,Female,Urban,125050.0,Clothing,6,Desktop,Clothing,21.352888387979856
7ea0def3-8efb-4058-a251-95186e414f14,21,Other,Rural,126982.0,Clothing,2,Tablet,Electronics,5.091182951179281
4626a4ee-7423-4621-beb5-530f25d0dacb,66,Female,Rural,93980.0,Books,3,Desktop,Sports,106.26860530911725
ed80e20b-3c86-4c97-822d-7ef40970d8b7,23,Female,Urban,,Food,8,Mobile,Books,61.065725111620544
7e12e074-8c86-4fa4-b1b0-e910757ad1ee,69,Female,Urban,,Books,3,Desktop,Electronics,24.964798979111105
380e92d2-3279-4a13-98b9-1b9e84fbfc5f,19,Other,Suburban,27837.0,Electronics,1,Tablet,Electronics,8.291860874772777
7a157571-940f-495b-866a-40e91b0d8735,63,Other,Urban,,Food,8,Mobile,Food,6.300373169458826
a5af6e3b-5935-41cf-83d1-5675286e206e,45,Other,Urban,53838.0,Electronics,2,Tablet,Books,15.588026849000167
f1d03d2a-f1e8-4f93-9889-e1913e959225,21,Male,Rural,65998.0,Sports,5,Desktop,Electronics,98.54303062090804
3fd07b77-1cfa-4645-a170-690e60dacbb9,65,Female,Urban,29678.0,Clothing,5,Tablet,Food,43.68132457875345
8c5c9d89-f34b-4c80-bcf7-78de1495057a,19,Female,Urban,111121.0,Books,1,Tablet,Sports,92.85307286956872
4f2e8a0a-32bf-45bf-bbf6-189f2bbc3f05,38,Female,Rural,23558.0,Electronics,7,Tablet,Electronics,58.900635345343716
ca1f10f0-a0ec-4e80-8e6a-5b08042d0271,27,Male,Urban,83929.0,Electronics,3,Mobile,Clothing,34.94746294696249
2c7ca299-c7ae-4128-b64e-85fdd567169f,64,Male,Urban,30219.0,Electronics,4,Desktop,Sports,28.098427569681164
58e7c9f5-e13e-4607-9e21-d3351644dd6e,71,Female,Suburban,,Clothing,4,Tablet,Sports,44.8690563863268
fd4d028a-b64f-4af5-8cc3-6877ad45266c,23,Male,Urban,133415.0,Electronics,6,Desktop,Sports,17.98253237370762
2e6ae9bf-eaa3-4987-b229-8d6943053116,57,,Rural,120876.0,Food,2,Desktop,Electronics,82.29133660873254
054e8a0e-a045-421d-a93d-7458464f15d8,49,Other,Suburban,126460.0,Clothing,2,Desktop,Electronics,81.69494785504746
36a6a822-dd65-40e2-8fb3-8e24e6a31d1d,43,Other,Rural,84478.0,Food,7,Tablet,Sports,32.2458354781604
74187830-38a8-4cd2-bd5e-3f9085b6a737,36,Male,Urban,135171.0,Electronics,6,Tablet,Clothing,90.96361957863344
97307c06-7e60-4286-8ced-e279adb62be6,39,Female,Urban,93958.0,Food,4,Desktop,Books,63.075429606591605
55b9716f-2e1f-4b61-a312-0b2c8f6df7e7,22,Male,Urban,31370.0,Electronics,4,Desktop,Sports,67.40127735983631
7f5ee900-d4f9-4686-a562-fdca523caffe,24,Female,Suburban,39521.0,Clothing,7,Mobile,Sports,96.98779969068988
27b92ffd-6407-4bf7-8686-15238d6c3408,42,Male,Rural,120894.0,Electronics,1,Tablet,Sports,18.896168965655363
b2a9f4ac-b7ab-4b33-995f-495574186f37,18,Female,Urban,117491.0,Food,1,Mobile,Sports,24.606077434450945
84aaad77-eb6b-4745-88a8-f41fae065b6d,62,Other,Rural,84450.0,Electronics,8,Tablet,Sports,26.330941287984306
db66fe3c-bc2c-4a70-8bd3-fea9cc844f16,56,Male,Urban,,Books,7,Mobile,Food,86.78663576605736
df96d361-ff8b-4c43-a5db-190c5bed9bb2,18,Female,Rural,34044.0,Books,2,Mobile,Clothing,76.7451915816037
50b6131e-b9e2-4ca5-91e4-f34e1d6acc84,22,Female,Rural,22206.0,Sports,2,Mobile,Sports,114.58417476246136
5f441860-3905-4bc9-ab35-f2b6c2a9c0a4,34,Other,Suburban,34241.0,Sports,6,Desktop,Clothing,18.349682821992566
7f0c47c4-4a10-4fd3-8602-03c5075ced62,58,Male,Urban,103377.0,Books,5,Mobile,Food,24.131273904774726
2fe3988e-ace6-45d3-9826-c68d9b1dde0a,28,,Suburban,21205.0,Food,8,Tablet,Clothing,12.587241046279786
8f2261a2-c367-4268-9911-6c19da095527,52,Female,Urban,56246.0,Electronics,5,Desktop,Electronics,22.456855245311516
3f98a149-9406-4fbb-a2db-f34896bafaf7,65,Male,Suburban,79977.0,Clothing,6,Desktop,Clothing,
b3d093da-1103-4625-ac31-8eb222c03e10,69,,Urban,146533.0,Books,6,Desktop,Books,7.499604109516659
9f8bcdb4-b039-48c0-ba71-0d8d124c10b1,62,Male,Rural,146994.0,Clothing,8,Tablet,Books,63.02706961647961
cf6b7a72-5f77-4063-95c9-59e066710ee7,68,Female,Rural,70840.0,Clothing,2,Desktop,Books,60.166505735352054
bbb6a0fe-6629-495b-b91b-88a71d8c8d71,38,Female,Urban,130521.0,Food,6,Tablet,Sports,7.721344108614129
e91baf4e-fce3-4199-a7a3-d69dbaac6246,19,,Urban,45040.0,Electronics,2,Mobile,Clothing,80.15957166388588
6c51f668-b2a9-4a8d-8154-717732a0be81,75,Female,Rural,34235.0,Books,9,Mobile,Electronics,5.740269444165823
508a978a-690f-40b7-b1a3-edddbececfed,56,Other,Urban,103512.0,Books,7,Tablet,Sports,79.04516317560763
eeab1c53-e259-4d3e-8959-b61e8d95f76e,46,Female,Urban,89881.0,Books,4,Mobile,Electronics,51.29640460195084
122a78bf-10ba-4ba0-b721-9f16f2a74fdb,64,Male,Urban,102871.0,Food,5,Mobile,Electronics,71.61373774438752
97234e3c-ee8a-4991-903e-dded4c1dab9e,33,Female,Suburban,,Books,2,Mobile,Books,91.95326422098653
87803049-6571-410e-8a57-aea0dcff8379,58,Other,Suburban,148435.0,Books,6,Tablet,Food,53.057168455813475
d9f46c0a-5c90-4f36-9e82-8ea1655575d8,46,Male,Suburban,79041.0,Food,7,Desktop,Sports,74.88365520748481
4f879b72-a5d4-481d-9312-c5fa4112519d,28,Other,Rural,84155.0,Electronics,7,Desktop,Books,32.868346008492836
425d0a7d-8c37-47fc-b440-d0eb23945601,55,,Suburban,57944.0,Food,4,Mobile,Books,28.69171579551705
491a7a81-9d37-46b6-982d-241c322baf57,67,Other,Rural,30027.0,Books,9,Mobile,Electronics,10.052028865535014
e43ce11b-88ca-42a4-a395-664f31ac053c,49,Female,Suburban,,Books,8,Mobile,Books,114.45493943790864
3e93c5e7-ceb4-4ce3-807b-ec9162e01b7a,57,,Suburban,86887.0,Food,6,Tablet,Sports,91.58261553290055
9c85fa87-f48d-4486-b355-a9cbb8b075f8,37,Male,Rural,82050.0,Electronics,8,Tablet,Food,8.996285023582946
d46b2687-f6d1-410d-b882-79ddb9171983,73,Other,Urban,131483.0,Clothing,8,Mobile,Sports,100.51165741883052
58cea6ab-ebda-4da8-9bdc-5d2d9c7108f1,20,Female,Rural,114161.0,Books,3,Mobile,Food,48.14214211453752
b77a504a-603f-465f-b84f-587ad8e2f459,44,Other,Urban,42619.0,Food,8,Desktop,Clothing,65.11083588592804
ec62fe0b-dc5f-4f84-9074-ecd65444c941,50,Other,Rural,64653.0,Electronics,5,Tablet,Sports,69.49550697884337
c6b23edc-e116-4ec9-9d73-44450c9bdd80,30,Other,Urban,71544.0,Sports,9,Desktop,Sports,55.14557056313604
a6558311-dee3-474e-a18e-4fd6303384b0,49,,Urban,48347.0,Electronics,9,Tablet,Food,100.88604456263367
398919f0-4f7e-4578-90d3-b248edc7a95e,40,Male,Rural,104359.0,Books,2,Mobile,Sports,80.95996661726963
9cca0bb9-5de7-4737-a589-718d605d0b28,53,Other,Urban,48533.0,Sports,5,Mobile,Clothing,113.00847120248827
7440d7b7-54b9-4632-875f-61356b5e596a,42,Male,Rural,31013.0,Books,1,Mobile,Food,44.36563420101974
3f5d76d7-63bf-4271-983b-c8250395a887,49,Female,Rural,125414.0,Books,3,Mobile,Food,
43e34edf-f8b6-4982-b663-d95493afafd7,72,Other,Rural,36367.0,Food,2,Mobile,Electronics,19.510577022398913
fce71f07-616b-46a6-8c94-091831445017,66,Other,Urban,128608.0,Sports,6,Mobile,Food,112.31021327302366
bbd6e49c-09a6-4a9d-83d9-e6d72d83bc21,42,Female,Suburban,80149.0,Electronics,2,Desktop,Electronics,92.01422872859843
c9be98aa-b324-4110-8e91-8869c14f810e,20,Male,Suburban,49178.0,Electronics,7,Tablet,Clothing,53.93602098148338
340bf887-5574-4d55-a594-f2f62b5f4957,39,Female,Rural,139320.0,Sports,7,Desktop,Books,22.519203093027745
f7210604-ccb0-4c82-990d-8f93dfdb7956,53,Female,Suburban,,Clothing,1,Tablet,Food,82.66983252283838
ef937156-0d4c-4973-b268-9acf73ada7b8,31,,Rural,,Electronics,9,Tablet,Sports,
cdec9de2-991a-4d08-a641-97ec9d152394,43,,Suburban,76792.0,Electronics,7,Mobile,Sports,75.9107486335131
63769529-b926-44f2-af80-1c0375b1063a,45,Female,Rural,,Clothing,4,Tablet,Books,70.86419995011724
e8abe328-7e4b-49d6-9846-299e437c8779,30,Female,Rural,113347.0,Sports,3,Mobile,Sports,96.45228224912218
cc3a7e61-3f5d-4092-b8ea-46afd7e347ed,73,Female,Rural,105544.0,Electronics,7,Tablet,Food,59.14957620954089
56b65d89-9957-4b74-94f9-357828d9d789,26,Male,Rural,122833.0,Books,3,Tablet,Sports,7.216837615707027
111bef9e-51f1-487e-87ee-6193c1271426,54,Other,Urban,,Sports,8,Mobile,Sports,28.48766752427729
24b0e775-1934-439a-a5a3-81905b27977e,57,Other,Rural,63837.0,Food,5,Mobile,Sports,14.33362343367655
b18a5559-c159-48e3-80cd-4b04190248c9,55,Female,Urban,79847.0,Clothing,1,Desktop,Electronics,43.980044083003484
c0b196e3-89fc-49d1-a93d-1590606839a7,77,Male,Rural,146634.0,Sports,6,Desktop,Clothing,11.837983843121192
cb939e70-0e34-45cd-922e-024dcb052e0b,78,Male,Urban,75920.0,Sports,3,Mobile,Electronics,54.42684086284372
6f209124-4eb9-44c0-a5cc-af338f068f0e,34,,Suburban,111639.0,Clothing,8,Tablet,Sports,111.22887170515361
e8e07bb7-9f86-4101-9b74-e981978c033f,23,,Urban,103236.0,Clothing,7,Mobile,Sports,95.31469125697056
0226cd4b-37b6-4da6-bf1c-11f9a035740f,37,,Rural,83840.0,Electronics,6,Mobile,Clothing,74.26853653820493
5c588532-99ce-4d8f-a60b-233ce35a9914,49,Female,Urban,103894.0,Electronics,4,Mobile,Sports,71.07221791323995
d97e5e7a-0851-451d-9530-3ccefec557ee,34,Other,Suburban,,Sports,8,Mobile,Sports,106.84840130971155
a6beecb6-138a-453a-a8b6-82580401ca7f,23,Male,Rural,22156.0,Clothing,3,Tablet,Sports,117.56378941389225
69e22593-7108-493f-ab90-13ce06bfe30f,23,Other,Rural,23024.0,Sports,9,Mobile,Food,58.180070435609956
7752d60f-aa6b-4d89-920a-8b9afb20a82c,72,Female,Rural,40507.0,Electronics,9,Tablet,Sports,95.2831486191751
f07b7b13-bcd4-4e0f-9ccf-d9656609affd,71,Other,Rural,49576.0,Clothing,8,Tablet,Food,
56382c68-8e74-4f0f-a05a-558f59831582,46,Male,Suburban,104987.0,Electronics,8,Desktop,Electronics,99.1240202134253
2f668259-fa46-43c1-8b59-e1768e1cd9d5,24,,Suburban,100657.0,Electronics,7,Desktop,Clothing,17.294145629976807
e2cca614-d780-43a4-b3aa-5403cc5e1bef,43,Other,Urban,75912.0,Electronics,8,Mobile,Sports,78.0894448349429
90360a9e-7791-4458-a723-946d1e9313ed,35,Other,Suburban,27073.0,Electronics,2,Mobile,Food,30.674314762097147
c98c2ee7-b6ac-4ff8-87c0-286b4d0c81e6,76,Male,Suburban,127270.0,Books,7,Tablet,Sports,113.09708780483804
95c3e29a-5e0e-4716-ab25-0b072f6036e6,30,Male,Urban,83304.0,Books,9,Mobile,Books,40.49804246556058
cf84b914-606e-455d-bc5c-23c2d733a1fb,54,Male,Rural,136882.0,Clothing,7,Mobile,Food,39.33424419490722
ca9da553-3eb2-4fa4-a7c3-4dc8b0a32102,64,Other,Rural,106932.0,Sports,8,Tablet,Electronics,90.85972139486782
35125c52-601d-4f56-a01f-acac68a8a131,22,Other,Suburban,135786.0,Food,3,Tablet,Sports,65.39942752115408
5b0d41f7-c895-4578-a2a3-09183099931a,59,Other,Rural,73504.0,Food,1,Desktop,Clothing,91.74081457994495
f1954c39-9bf1-411d-8219-4aed482a0ec4,73,Other,Rural,,Food,7,Tablet,Electronics,109.50115936258238
4b9c84ca-6f1e-4681-9442-1429d4ae1be1,34,,Suburban,45744.0,Sports,4,Tablet,Food,28.593815827526754
6ba06460-99da-4e26-afe7-dd18d2aa8b77,44,Female,Urban,108818.0,Sports,3,Mobile,Books,73.39948663102331
66d8033e-b076-40c4-997d-a3003f29987a,24,Female,Suburban,,Books,6,Tablet,Sports,39.52463873040708
896995f7-4463-48ad-85b9-fd27e1b84db8,74,Female,Suburban,125527.0,Electronics,2,Mobile,Food,116.96196653250931
517f7f47-66f2-4a57-acd6-f271b23687f5,79,Female,Urban,132816.0,Books,4,Mobile,Books,78.38904041854474
f38b3c9b-ec52-4a5b-a061-00e347e7f79d,33,Female,Rural,,Sports,3,Mobile,Books,18.434326103733426
0eb30ef2-1481-47cc-9e27-5d362226ac6c,31,Male,Rural,86064.0,Books,3,Tablet,Books,58.28157100055952
4f66bf7d-bb24-4b68-ab5d-668ba1af8d99,74,Other,Rural,77425.0,Books,2,Tablet,Sports,72.11798100032063
a179c9ca-5103-4412-bfde-1664012ec203,70,Female,Rural,105277.0,Electronics,4,Desktop,Food,86.98794661792226
979bdcb6-3f9d-41c3-a447-9e40d68b7c33,38,Female,Suburban,61035.0,Electronics,8,Tablet,Books,93.6033037198232
ce55ea17-d1c8-4fd9-b330-666c775c9a14,54,Female,Rural,37408.0,Sports,2,Desktop,Sports,99.84954344993332
9525da94-3f92-445a-8980-8b362aa06624,47,,Rural,131512.0,Books,6,Tablet,Electronics,26.391741546723733
d43f92e5-32ca-4674-adbb-d13c9fd98868,49,,Suburban,,Books,4,Mobile,Clothing,40.5533741205536
a88354bd-ab70-42cf-82c0-ef98947e4e94,66,Male,Urban,66304.0,Electronics,6,Mobile,Electronics,107.91173136310054
44a7dcaf-2fdb-412e-a161-8ab040ac94e9,27,,Suburban,77107.0,Sports,6,Mobile,Clothing,45.61132963802827
602fa77e-c22e-4d5d-9290-15bb6290b2cf,58,,Rural,110688.0,Clothing,4,Desktop,Clothing,91.36280560015761
838208ea-28ac-4221-8528-2b3650387f03,67,Other,Urban,99881.0,Electronics,3,Desktop,Books,39.175576356730865
5b0b49e5-b6e4-4a94-8581-8683a9080cc6,48,,Rural,90780.0,Books,4,Mobile,Clothing,82.00077392057229
c0b470cd-5024-41d6-b82f-41e29423696d,33,Female,Rural,141080.0,Books,3,Mobile,Food,81.01030506393651
5fc266b2-d0e9-4a04-9ae9-3570a8c56489,44,Male,Rural,,Books,4,Desktop,Electronics,16.1880959667992
de1db40d-a3a8-41d3-b53c-7a00d5f19b60,74,Other,Rural,85199.0,Food,7,Mobile,Electronics,104.06862537890828
9df7f49a-6f60-4b78-8bba-842aa9283db3,58,,Suburban,149479.0,Clothing,4,Mobile,Food,86.51899960039202
df0ef8f6-d303-4505-8bce-1a590502fe43,54,Male,Urban,142782.0,Electronics,6,Desktop,Clothing,9.939185894330162
f5271896-fec5-461b-98b6-ab669e14dbd0,65,Male,Rural,43716.0,Food,2,Tablet,Electronics,101.98969565302887
2c11875b-115d-4e5b-a632-5a0c66f619bb,26,,Urban,122739.0,Clothing,3,Tablet,Food,82.70565875577222
e783c443-de7c-4a3a-85dc-693d144556ba,53,,Suburban,109662.0,Sports,8,Desktop,Food,117.770510798615
b6715e21-3f10-4341-b843-82b15c7c4c8d,71,Female,Suburban,30906.0,Electronics,4,Desktop,Books,23.326044233160722
2bad5f15-6ade-4e3b-af3e-d7158729625a,76,Male,Suburban,54205.0,Sports,2,Mobile,Electronics,49.76988722003345
07683aa1-cf24-4c30-b5dd-fb565ac8f875,78,Female,Urban,91428.0,Sports,4,Mobile,Sports,110.95068620211133
5708f254-0206-4ce9-828f-e10a82f920af,54,Female,Rural,,Books,7,Mobile,Electronics,106.12698986535074
025436c6-81a1-4875-9901-a10416a13d57,41,Other,Suburban,84539.0,Food,4,Desktop,Electronics,17.249442841583672
ba0c3e1c-79af-4f35-80b4-0f4445c449e3,57,Other,Suburban,143355.0,Clothing,9,Mobile,Sports,37.82503000455589
98487e66-5ae3-4dd7-8d66-b569d92c9874,52,Other,Urban,43735.0,Books,8,Desktop,Electronics,97.05494426398177
e54a2892-9a5d-441b-87df-608cd5fd2758,65,Other,Rural,,Food,1,Mobile,Books,76.65505646260969
0ce814b9-9326-40d3-8532-6d11b54f7d09,37,,Urban,109295.0,Electronics,7,Desktop,Food,92.07805504017585
cf6adce0-a467-4f3f-a6a9-92c41b7f91db,69,Other,Suburban,60139.0,Clothing,7,Mobile,Electronics,106.26311357032056
30d2f06a-450f-48ef-8b58-51c8603c50f1,45,Male,Urban,20194.0,Electronics,7,Desktop,Electronics,20.46109035358566
a580a97b-3f15-4ccb-a690-61c693cd6d01,76,Male,Suburban,48671.0,Electronics,7,Mobile,Sports,111.20455875267396
29f89820-d3ab-4e47-8203-a50d9101e27a,61,,Suburban,141070.0,Clothing,2,Mobile,Clothing,28.471502321273487
4a90d3be-173e-4c41-8481-d5793ea824b7,66,Other,Suburban,29775.0,Books,1,Mobile,Electronics,90.17783689752216
3901a9c8-8ca6-4b41-bbf3-00233a2104b9,38,Other,Urban,,Clothing,2,Desktop,Books,47.83198896125564
18162192-2149-4dbe-9c70-3b5009947e09,70,Other,Urban,79980.0,Clothing,5,Mobile,Food,99.80557874748465
e45b1cf8-b347-4cf1-9cf7-663808f9b5db,64,Other,Rural,97221.0,Sports,3,Tablet,Clothing,82.76919832567474
b24e52c3-83a7-49f8-927a-aa7dd8c75b89,41,Female,Urban,80836.0,Food,4,Desktop,Clothing,65.42476955383901
b1af2d42-b7d7-4c58-8227-2276f0f83af9,46,Female,Suburban,132115.0,Electronics,5,Tablet,Books,108.1680300930833
20e9c2ad-0f2b-45fa-88e9-dfbdebdcf29a,32,Female,Suburban,87490.0,Sports,4,Desktop,Books,114.24837248877465
e9f741eb-9680-4b7f-a252-dc8de6b444ea,22,Other,Urban,28558.0,Food,2,Tablet,Food,37.7225441785142
c7bc8bfd-3255-4d2c-82c6-c36df8d80194,26,Female,Suburban,31020.0,Books,5,Mobile,Sports,44.8815073045709
ed941f59-f27f-4c63-af32-ac449c35d007,78,Female,Suburban,28393.0,Food,2,Tablet,Food,80.04390462287687
46507029-1f85-4eb4-b42a-b12c1552ac2d,64,Female,Urban,97625.0,Books,8,Tablet,Food,21.276517077947986
fe8a27ca-477f-42d4-9039-d1f2710e0575,43,Male,Suburban,,Clothing,3,Mobile,Sports,117.17137904359774
11a24783-cb7e-4c78-8fd3-e257224dbb20,72,Male,Rural,126193.0,Sports,1,Desktop,Electronics,53.5361037506007
55342ffa-1b35-48f9-aa94-5e6a438b3f0d,54,,Suburban,23550.0,Electronics,7,Desktop,Electronics,99.37529013875604
bb812c87-e044-48ec-9c3b-e9c6a7964c11,66,Male,Urban,116788.0,Clothing,7,Desktop,Clothing,49.56570899012182
e2f59107-d558-4c7e-b4fb-20239e3503cf,21,Female,Rural,114064.0,Clothing,4,Mobile,Sports,108.11000422854426
812a36d8-291d-438a-b2e1-ba5a96822650,21,Female,Rural,106062.0,Food,2,Tablet,Electronics,98.80238646141615
b511abfd-4a4d-4b24-8346-9992f5a94b64,67,,Suburban,45329.0,Books,3,Mobile,Electronics,119.27302951039006
37ab3975-ca8a-4774-bcf5-8d749b2afd96,57,Male,Rural,,Food,6,Desktop,Clothing,48.462995353068585
600b7ee4-550b-4aee-bc56-b736804ba47c,43,Male,Rural,52335.0,Books,6,Mobile,Books,40.41132993586096
f9523e37-daad-4a19-b6ed-44b6a045239f,32,Female,Suburban,129327.0,Food,5,Mobile,Food,21.352704081628787
619a2c0f-c7c3-4228-895a-f2f155e84bcc,38,Male,Suburban,,Books,8,Mobile,Sports,91.26735626798572
d0a791f4-8df0-4b9c-94bd-3c8fef33c536,53,Male,Rural,57119.0,Books,4,Mobile,Food,22.743703902608416
ee62f74f-4b9d-4dff-9ec0-a9b0950bdf61,60,Other,Suburban,28353.0,Electronics,8,Mobile,Electronics,85.26117648066068
1d905fa5-1796-4041-a3bf-c56691d61ab3,31,Male,Suburban,28278.0,Food,7,Tablet,Food,75.09549767889908
2c766795-6425-4205-8449-22bb68123011,67,,Rural,64141.0,Food,5,Tablet,Electronics,118.031269527542
69a0aeb7-9c43-46e2-ac58-3fb9d9ce80f9,45,Male,Urban,53509.0,Electronics,3,Tablet,Food,72.64399680425012
0ddce412-2c9c-4dbf-843c-ab56a8340c3c,61,,Suburban,,Sports,4,Mobile,Electronics,52.514051574000405
b791f654-39bb-486a-8616-bbce0c2c67d3,63,Other,Urban,34895.0,Sports,6,Desktop,Sports,65.87098806418993
f38b4e41-74a7-4b1d-b8dc-6048d92c51e5,43,Female,Suburban,87004.0,Electronics,8,Tablet,Electronics,8.642198966378526
9b3cad27-cc72-4d44-966f-b58943f7372f,42,Other,Urban,131268.0,Sports,6,Desktop,Clothing,30.674664891600738
14d9f04b-aa71-440b-8177-50ef6a04801e,70,Female,Suburban,138434.0,Books,3,Desktop,Electronics,37.32298131990301
ffb2ab10-6dc0-4d59-ac59-4ba3036c5d2d,44,Female,Suburban,80160.0,Electronics,6,Desktop,Sports,112.47882374070518
42d7be93-fda7-4ab0-9e77-f5314bad22de,21,Other,Suburban,104068.0,Books,8,Desktop,Books,73.99156724605554
14f7915c-581e-465f-84bb-743aa07c9a52,55,Other,Rural,93241.0,Sports,1,Desktop,Books,29.912365154400142
fbdfed88-9e8c-4d23-a9d5-215ee5501c7c,74,Female,Rural,94977.0,Clothing,1,Tablet,Food,24.823948123762328
e4f22029-6727-4b2c-be5d-781c6d6cda56,48,Male,Suburban,,Electronics,2,Tablet,Sports,76.5260765347223
13caaa6b-1b93-48bd-bb26-00c23330c3ec,62,,Rural,73769.0,Electronics,7,Desktop,Sports,8.74708536756486
943c00a1-3bef-4114-a2ff-928962a52a8e,56,Female,Suburban,108687.0,Books,1,Tablet,Sports,98.19043041456851
8c2afdf1-d7bc-4101-8d11-375e931c0ebe,31,,Rural,139880.0,Sports,6,Tablet,Books,87.56092526735321
27fe8ac3-49e3-46af-8a53-2e8d45bb570d,27,Male,Rural,106507.0,Food,1,Desktop,Electronics,97.23756130260526
fe61ff8f-5438-4251-ada4-437118924ce7,74,,Suburban,83746.0,Clothing,2,Mobile,Electronics,16.477645799336255
397889ca-daa1-423d-8b34-afed4047a490,77,Other,Rural,30484.0,Books,6,Tablet,Clothing,44.8851114087703
20794057-2d61-4595-8306-8e6b493ad117,33,Other,Urban,98211.0,Food,5,Tablet,Food,27.93012951779782
2f7a2be3-4159-4ed9-a5dd-bec60392b262,50,Other,Suburban,144537.0,Sports,1,Tablet,Sports,106.43645127184516
922d0f6a-b770-4e29-a1bb-6572da889b8c,51,Other,Suburban,40332.0,Clothing,3,Desktop,Sports,67.07283659377816
fedcc621-b078-4d75-aecf-c52db44ae568,39,Male,Suburban,,Clothing,2,Mobile,Electronics,22.740600142320993
8b106121-5c8c-4b2d-883b-b9ebe67300c8,45,Female,Rural,91357.0,Electronics,1,Mobile,Books,101.38007054953434
f7c65d0c-6999-41f6-83de-4b81c60e4bec,77,Male,Urban,27915.0,Food,4,Desktop,Sports,102.98974658013843
dc1961ab-ed8f-4a8e-8289-bb4033b1a78e,75,,Urban,37767.0,Electronics,7,Mobile,Food,33.55306661534893
600e11c8-c401-40c1-8243-6bae9fe111a6,59,,Rural,134599.0,Sports,6,Desktop,Books,46.644272300341775
e817590f-d85a-4c08-9b98-d5b77ae222f5,72,Female,Urban,125462.0,Food,7,Tablet,Sports,46.99032532519137
fb8e7e3f-ed63-4acc-bdb9-6e4f5ce02173,42,Male,Suburban,110932.0,Clothing,6,Mobile,Electronics,95.23838835631678
2c50b497-abcf-402b-8f85-db69eb854c47,18,Other,Suburban,,Electronics,1,Tablet,Sports,35.307185690428184
63fac5cc-d95a-4395-8c41-dce3604d148d,23,Other,Suburban,142961.0,Clothing,1,Tablet,Food,80.82868388778888
fff313b9-7ea5-4c7b-8a35-7dabc49daa75,69,Male,Rural,37105.0,Clothing,3,Desktop,Electronics,64.35573640423988
505f9b17-7cd5-47ef-a270-bd21a67d3ee8,54,Male,Urban,34544.0,Sports,3,Mobile,Sports,59.47624497193519
5f24ad1e-1887-4c85-a094-fe31b5e45478,51,Female,Suburban,80149.0,Books,7,Mobile,Sports,40.754550755050715
27a16a08-1e4b-4c87-aa96-6ab74bb7b1a8,56,Other,Rural,123499.0,Clothing,7,Mobile,Clothing,22.523309462335988
46764341-d8ef-4e10-b15d-f36fdd6b2c7b,61,,Urban,127651.0,Food,6,Desktop,Books,51.4949525752858
5f58772b-b4c9-4b86-9bd9-5891aca5738a,78,,Rural,87532.0,Food,5,Desktop,Clothing,37.59480364094567
f1f92453-1878-40b4-8889-43a31aa7943b,48,Female,Rural,,Sports,3,Tablet,Sports,89.21014816204224
84455e7a-074f-406e-8e19-52822d2c37a7,35,Other,Rural,,Food,7,Tablet,Clothing,29.20988225431428
6d891289-7cc3-4015-8c82-60d0081af341,37,Other,Suburban,129269.0,Sports,7,Tablet,Food,34.57503457149168
2531209c-666d-47cd-9cc5-8413f426cc0f,38,Male,Urban,,Electronics,6,Mobile,Clothing,80.12002321211412
74ad6e8f-937f-4e71-b5da-32f780b8c9cf,68,Other,Rural,113339.0,Clothing,3,Tablet,Food,60.62277295769599
e1dbe064-307d-48c9-9438-19cfb2e6c2b3,56,Female,Urban,119917.0,Food,1,Mobile,Books,18.3825595501501
ec065356-5ce6-4ac7-8b25-fe576e823853,39,Male,Rural,140047.0,Electronics,9,Tablet,Books,92.17632948907877
d732de95-f821-4381-b9f1-a61986df13cc,23,Other,Rural,94301.0,Clothing,1,Desktop,Electronics,51.77936652524148
1666155c-3ba3-4a50-ab9c-dc9b1283b745,45,Female,Suburban,130418.0,Food,9,Mobile,Sports,39.714312339805986
8b8d89a1-e63b-4afe-a87b-6e36776017a9,78,Other,Urban,87388.0,Electronics,8,Mobile,Food,49.06734943778445
7ce4620b-5d7a-4975-94d3-1eaf542477e5,62,Female,Urban,80138.0,Food,5,Desktop,Electronics,
